영어,한글
abacus,주판
blueprint,청사진
buoyant,"부력이 있는, 기운찬, 명랑한"
puckish,"짓궂은, 장난기 있는"
wiretap,"감청하다,도청하다"
saline,염분을 함유한;짠
fleeting,"휙 지나가는, 순식간의, 덧없는"
entrance,매료시키다
tainted,더럽혀진
alleviate,경감하다
ignite,"불 붙이다, 자극하다"
spasmodic,"발작의; 간헐적으로 발생하는, 단속적으로 발생하는"
continuum,연속(체)
mentor,조언자
substantive,"현실에 기반을 둔, 중요한, 의미 있는"
empirical,경험적인
inexorable,"설득할 수 없는, 막을 수 없는, 무자비한, 가차없는, 냉혹한"
cow,위협하다
self-effacing,"삼가는, 겸손한, 과시하지 않는"
deviate,"이탈하다, 일탈하다"
refrigerant,냉각하는
petty,"안 중요한,덜 중요한,사소한,하찮은"
chauvinism,"맹목적인 애국심, 충성심"
layover,(여행) 일시 중단; 도중하차
definitive,명확한; 최종적인; 결론적인; 권위 있고 완전한
watchful,"경계를 서는,조심하는,주의 깊은"
incantation,주술
phenomenal,"대단한,비범한"
reinforce,강화시키다
deteriorate,"악화시키다, 손상시키다"
echelon,"위계질서;계층, 명령체계"
tactile,촉각의
mnemonic,기억을 돕는 장치
ensconce,"안전한 곳에 두다, 감추다, 숨기다 ;(몸)편히 앉히다"
emporium,"큰 상점;상업중심지, 시장"
monarch,군주
topical,시사문제를 다루는
blurb,"짧은 광고, 선전문"
acute,"예각의, (사람)예리한, (상태)심각한, (병) 급성의 "
perpetuate,"영속하게하다, 불멸하게하다"
argot,은어
begrudge,시샘하다; 억지로 주다
tout,"과대 선전하다, 몹시 칭송하다"
stylus,"첨 필, 철필"
sate,충분히 만족시키다
console,위로하다
minute,"(요리)즉석으로 만든;미세한, 상세한"
intransigent,"비타협적인, 완고한"
recalcitrant,"권위에 저항하는, 다루기 힘든"
disquiet,"불안, 동요, 걱정"
pertinacious,완고한
plummet,수직으로 떨어지다
cogent,설득력 있는
cipher,암호문
affix,"첨부하다,고정시키다"
discernment,"인식력, 분별력, 판단력"
galaxy,"은하,성운"
connoisseur,"미술품 전문가, 권위자"
dilettante,아마추어 (예술가)
everlasting,"영원히, 영속적인"
munificent,돈을 후하게 쓰는
salve,연고
dour,"시무룩한, 음침한, 완고하고 침울해 보이는"
repute,"~라고 믿다,간주하다;평판"
condescend,"생색내다, 오만하게 행동하다"
anaerobic,혐기성의(산소를 싫어하는)
repel,물리치다;불쾌감을 주다
tin,주석
electricity,"강한 흥분, 격한 감정"
rend,(잡아)찢다
layperson,문외한
secrete,"분비하다; 숨기다, 감추다"
maverick,독불장군
aid,"돕다,지원하다"
timid,"겁먹은, 소심함"
visceral,"내장의; 감정적인; 세련되지 않은, 거친"
instigate,"부추기다, 선동하다"
marginal,"사소한, 중요하지 않은"
disgruntle(d),"화난, 불만족한"
unruly,"규칙을 따르지 않는, 제어하기 어려운"
hoax,짓궂은 속임수; 속이다
unveil,최초로 공개하다
agitation,"불안,초조;선동;(용액) 휘 젖기"
glacier,빙하
inconspicuous,명확히 보이지 않는
dust jacket,책의 겉덮개
ubiquitous,어디에나 있는
exonerate,"용서하다, 면제하다"
shiftless,야망이나 목적의식이 없는; 게으른
luminary,"선각자, 권위자, 유명인"
license,"허락, 인가하다"
remiss,"태만한, 성의 없는, 소홀한"
crutch,목발
discommode,폐를 끼치다
unsavory,"(맛, 냄새)불쾌한, 맛없는; 도덕적으로 불쾌감을 주는"
precipitate,"재촉하다, 갑자기 생기게 하다; 성급한"
phantom,유령(같은)
shiftiness,"교활함, 속임수, 간사함"
instill,(점차적으로)주입하다
vituperate,"(독설로)모욕하다, 헐뜯다, 악담을 퍼붓다"
vendor,"판매인, 행상인"
feral,"야생의, 야생으로 돌아간"
tiff,사소한 말다툼
beneficence,"선행, 자비"
displace,"(위치)옮기다, 바꾸다; 강제 이주시키다"
crux,가장 중요한 점
chord,"코드, 화음"
align,"제휴하다,연합하다;일직선으로 맞추다;가지런히 두다"
prescience,예지력; 통찰력
charitable,"자선을 베푸는, 관대한"
unctuous,(사람이)지나치게 아부하는; (물질이)미끈미끈한
polymorphous,"여러 형태의, 다양한"
calamitous,"재앙의, 불행한, 비참한"
choir,합창단
epistemology,인식론
intentionality,의도성
padding,"(완충이나 소음 예방 목적의)속,심"
entangle,"뒤엉키게 하다, 복잡하게 만들다"
infuriate,"몹시 화나게 하다, 분노케 하다"
untactful,"기지, 재치 없는, 눈치 없는"
timorous,"겁먹은, 소심한, 자신감이 없는"
flit,"경쾌하게 움직이다, 빨리 지나가다"
zealot,"광신도,열광자"
dampen,"약화시키다, (활력,열의에)찬물을 끼얹다, 소리를 줄이다"
pedantic,"현학적인;규정,작은 것에 너무 매달리는"
opulent,"부유한,풍성한"
ticklish,"까다로운, 신경질적인, 화를 잘내는"
unbridled,구속되지 않은 자유로운
rail,몹시 비난하다
mishap,불행한 일
spur,"박차를 가하다, 독려하다, 자극하다"
immediate,"(시간, 장소, 관계)가까운, 즉각적인"
dubious,"의심하는, 의심스러운"
inch,천천히 움직이다
winning,매력적인
troupe,(순회 공연하는)배우 일단
elevation,"상승, 높아짐"
fetching,매력적인
evoke,(감정) 불러일으키다; (반응) 이끌어내다
vulture,(비열하게 남을 착취하는)탐욕스런 사람
untoward,"적당치 않는,곤란한, 불리한"
unanimated,
dilapidated,낡은
obliterate,"완전 제거하다,지우다"
constellation,"성단, 별자리"
extant,현존하는
fervor,"열성, 열렬"
rascal,"장난꾸러기, 악동; 비양심적이고 정직하지 못한 사람; 무뢰한, 건달, 깡패"
vigilant,"경계하는, 방심하지 않는"
languish,"기력을 잃다, 쇠약해지다"
husk,"껍질, 중요하지 않은 부분"
enunciate,명확히 표현/설명/발음하다
plaintive,"슬픈, 불쌍한, 애처로운"
debilitate,쇠약하게 만들다
deride,조롱하다
fur,"털가죽, 모피"
palatial,궁전같이 웅장하고 멋진
hiss,쉬' 소리를 내다;비난하다
stratify,계층화하다
dissuade,하지 않도록 설득하다
plausible,그럴듯한
drop cloth,(페인트칠을 할 때)방을막이천
determinative,결정적인
incontrovertible,"(논쟁, 의문) 여지가 없는"
byline,(기사)필자란
cavort,"흥청거리며 탐닉하다, 뛰어다니다"
stoke,"급유하다, 불을 피우다"
tortuous,"구불구불한; 에두르는, 솔직하지 못한"
vanquish,"정복하다, 항복시키다"
resolute,마음이 확고한
spurious,"가짜의, 허위의"
belie,"잘못 드러내다, 모순되다"
annotate,주석(주해)를 달다
capitulate,"복종하다, 항복하다"
defuse,뇌관을 제거하다; (긴장 등을) 완화시키다
pell-mell,"뒤죽박죽,황급한"
nugatory,"증요하지 않은,하찮은"
conform,"(규칙, 관습) 따르다, 순응하다, 지키다"
zealotry,"광신,지나친 열정"
liberate,자유롭게 풀어주다
hedgerow,"생울타리, 담장"
hale,튼튼한
lurk,"잠복하다, 숨어서 기다리다."
bigot,"마음이 편협한 사람; 나와 생각, 종교, 사상 등이 다른 사람을 배척하는 사람"
ardent,열정적인
reconciliation,"화해,중재;조화, 일치"
sap,쇠약하게 만들다
abscond,"몰래 떠나다, 종적을 감추다"
inveterate,만성적인
full-fledged,"완전한, 성숙한"
lavish,"사치스런, 아낌없는"
doldrums,"침체기, 부진, 침울, 우울"
natty,말끔한
dabbler,취미로 하는 사람
sinister,"불길한, 해를 입힐 것 같은; 사악한"
misconstruction,곡해;오해
martial,호전적인
occlude,"닫다,가두다,막다"
irreproachable,"비난의 여지가 없는, 흠잡을 데 없는"
churl,"무례한 사람, 구두쇠"
pleat,"(치마, 바지) 주름; 주름잡다"
hodgepodge,뒤죽박죽
diffuse,"퍼뜨리다, 확산시키다"
abbreviate,"(단어,문장,글의) 길이를 줄이다"
cartographer,지도제작자
artless,"꾸밈없는,솔직한;자연스러운;솜씨 없는,기교 없는"
incite,자극하다. 선동하다
transfer,"이전하다, 양도하다"
meander,"정처 없이 거닐다, (강)굽이굽이 흐르다"
decant,(포도주 등) 조심스럽게/가만히 따르다
filthy,"매우 더러운, 추잡한, 난잡한, 비열한"
laggard,"꾸물거리는, 처지는; 게으름뱅이"
equable,"침착한, 차분한; 한결같은, 안정된"
revue,(시사 풍자적인 내용)개그콘서트
vitriol,독설
undaunted,"풀 죽지 않은, 기세가 꺾이지 않은, 대담한"
ragged,(옷이) 낡고 헤진; (표면이) 울퉁불퉁한
factious,"당파싸움을 좋아하는, 당파의"
lacerate,"찢다; 깊은 상처를 주다, 괴롭히다"
fazed,당황한
devious,"부정한 방법을 쓰는; 돌아가는, 우회하는"
cede ,"포기하다, 양도하다, 할양하다"
bawdy,"외설스런, 음탕한"
grove,"작은 숲, 과수원"
prolific,다산의; 비옥한; 다작의
vindicate,옹호하다
sordid,"추잡스런, 더러운, 비열한"
quaff,벌컥벌컥 마시다
disclosure,폭로
impolitic,"지각 없는, 무분별한, 현명치 못한"
resplendent,"화려한, 눈부신"
inconsistent,일치하지 않는; 일관성없는; 모순적인
zealot,"광신도,열광자"
extend,"확장하다, (범위, 정도) 넓히다"
turgid,"과장된, 허풍 떠는; 부푼, 팽창한, 부어오른"
flippant,"경박한, 성의 없는, 무례한"
deject,낙담시키다
conventional,"틀에박힌, 진부한, 평범한; 전통적인"
aquifer,"대수층,지하수를 내장한 침투성 지층"
enhearten,용기를 북돋우다
aggrandize,"(권력,힘,지위,재산,명성 등) 증대시키다"
vile,"사악한, 부도덕한, 불쾌한"
clemency,"자비, 관대함"
recession,"경기침체기, 쇠퇴"
pinion,"손발을 묶다,구속/속박하다"
astringent,"수렴제;신랄한,(맛,냄새)신,떫은"
inexpungible,지울 수 없는
mint,"대량, 다량; 화폐주조 소, 조폐국"
penchant,"강한 기호,경향,좋아함"
indecorous,"예의 없는, 무례한"
congregate,모이다
halfhearted,"열성이 없는, 내키지 않는"
grandiloquent,"과장된, 허풍떠는"
vehement,"격렬한, 열정적인"
float,부유하다
disabuse,"(그릇된 생각) 바로잡다, (오해) 풀어주다"
firefly,반딧불이
exculpate,"협의를 벗겨주다, 무죄로 하다"
infuse,"가득 채우다, 주입하다"
epic,"서사시; 서사시적인, 웅장한, 대규모의"
rudimentary,"미발달의, 미성숙의;기본적인"
temporize,"우물쭈물하다,미적지근한 태도를 취하다,결단을 내리지 않다;대세에 따르다"
sunder,분리하다 절단하다
tong,"집게,집게로 잡다"
thunderous,"우레 같은, 열렬한, 강렬한"
coterie,배타적인 (같은 취미를 가진)집단
intimidate,위협하다
irascible,화 잘 내는
exhaustive,포괄적인; 철저한
minutia,작고 사소한 세부사항
sturdy,튼튼한
satiety,포만상태
winnow,"키질하다,까부르다,키질하여(왕겨 등을) 제거하다"
mellifluous,"(소리, 말)감미로운"
tolerant,"자신과 다른 의견이나 행동양식을 인정해 주는;관대한,인내해주는"
hollow,"텅 빈, 내용 없는"
inalienable,"떼어놓을 수 없는, 소외시킬수 없는; 양도할 수 없는"
conversant,정통한
innate,"타고난, 자연스런"
matchless,"적수가 없는, 대단한"
stigmatize,낙인을 찍다; 비난하다; 오명을 씌우다
ostensible,"표면상의,겉보기만의;명백한,명료한"
drone,단조롭게 말하다
prohibitive,"(가격) 지나치게 비싼; 금지하는, 제한하는"
zone,지역을 분할하다
simulation,"모조품, 가짜; ~인체하기"
valorize,"정가를 정하다, 시가를 유지하다"
stodgy,"칙칙한, 재미없는; 매우 보수적인"
abstain,"(음식,음주) 감가다, 절제하다"
flatter,"추켜세우다, 알랑거리다, (찬사 등으로) 기쁘게 하다"
propitious,유리한
incombustible,불연성의
satiate,"충분히 만족시키다,물리게 하다"
spurn,"경멸하다, 딱 거절하다"
synergy,"공동작업, 협동, 협력작용"
disavow,"부인하다, 거부하다, 의절하다"
complacence,자기만족
sullen,"성질 더러운, 토라진, 뚱한"
resonant,"낭랑하게 울리는, 공명하는"
extricate,"(위험, 곤란에서) 벗어나게 하다, 구해내다, 빼내주다"
teem,가득하다
unmitigated,완화되지 않은
tedious,"지루한, 재미없는"
respire,호흡하다
eidetic,"선명한, 생생한"
pandemic,(병이) 전국이나 전세계적으로 퍼지는;그런 전염병
surmount,극복하다
panorama,전경
redoubtable,(적)두렵고 존경스러운;가공할만한
rural,"시골의, 전원의"
better,향상시키다; 더 나은
quatrain,4행으로 이루어진 연
obsolescence,"쇠퇴함,퇴행"
paltry,"시시한,양이 적어서 하찮은"
inclement,"(날씨)혹독한, 궂은"
excise,"잘라내다, 삭제하다"
volume,(정기간행물의) 책 권; 소리의 크기; 부피
favor,"편애하다, 지지하다, 유리하다"
meager,"부족한, 빈약한"
trenchant,"(표현이)신랄한, 날카로운; 명쾌한, 효과적인"
quell,진압하다
yokel,"시골뜨기, 촌뜨기"
variegation,얼룩덜룩한
formulaic,"도식적인, 공식에만 따른"
contempt,"경멸, 멸시"
locomotive,기관차
froward,"다루기 힘든, 완고한"
scrimp,"매우 아끼다, 인색하게 굴다"
penetrate,"관통하다, 꿰뚫다; (사실, 진리) 간파하다, 통찰하다, 이해하다"
mineshaft,탄광의 갱도
subsidize,보조금을 지급하며 돕다
execrable,"혐오스러운, 형편없는"
infrangible," 부서지지 않는; 위반해서는 안되는, 불가침의"
bombastic,허풍 떠는
ingenuous,"순진한, 솔직한"
outmoded,구식의
categorical,절대적인
tourniquet,지혈장치; 지혈용압박대
detour,우회하다
gripe,(사소한 일에) 불평하다
reel,"(낚시, 영화 필름 등) 감는 틀, 릴;감아들이다;비틀거리다"
heroic,"영웅적인, 용감한"
retort,"(말)(빠르고 재치 있게, 신랄하게)되받아 치다, 응수하다"
elegy,"애시,애가"
folly,"어리석음, 우둔"
superficial,"피상적인, 깊이가 없는"
barracks,"군인들의 막사,병영,숙사"
dike,제방
arcane,"불가사의한,신비한"
glut,"과도,과다"
breezeway,(집과 차고 등을 연결하는) 지붕과 기둥만 있는 통로
rive,"찢다, 찢어발기다"
balk,"주저하다,갑자기 서서 나아가지 않다;방해하다,막다,좌절시키다"
allude,"넌지시 말하다,암시하다"
dwindle,점차 줄어들다
levity,"경솔함, 변덕, 경박함"
opprobrium,"불명예, 비난"
succulent,"과즙이 많은, 맛있는"
etymology,"어원, 어원 학"
peremptory,"단호한,지엄한;위압적인,독단적인"
asunder,분리된;나누어진
evince,"분명히 나타내다, 명시하다"
esoteric,"난해한, 소수만 아는"
fractious,"쉽게 해내는, 다루기 힘든"
waft,(공중에서 부드럽게)퍼지다
informality,"비공식성, 격식을 차리지 않음"
pundit,"권위자, (미디어에 출연해서 의견을 말하는) 전문가"
surreptitious,은밀한
ebullient,"쾌활한, 활력 있는;비등하는"
dab,가볍게 살짝 바르다
merited,"(상,벌,주목)받을 자격이 있는"
croon,낮은 목소리로 부드럽게 노래하다
approximate,근접한
throng,"군중, 인파; 많은 수로 모이다"
hasten,서두르다
canard,"헛 소문, 지어낸 이야기"
coherent,"일관성 있는, 논리적인"
enduring,지속적인
thin,"성기게 하다/되다, 묽게 하다/되다, 가늘게 하다/되다"
fantastic,비현실적인
mendicant,구걸하는;거지
fraternize,"사귀다, 친해지다, 형제처럼 지내다"
surrender,포기하다 양보하다
mean,"질이 떨어지는, 가치가 없는, 양이 적은, 시시한"
inaugurate,"시작하다, 취임시키다"
jocund,쾌활한
burnish,닦아서 광내다
moratorium,"(지불,집행)유예"
base,"(도덕적으로)상스러운,천한,비열한"
reservoir,저수지;수조
laud,"칭찬하다, 찬양하다"
unwonted,"익숙하지 않은, 일반적이지 않은"
nonentity,있으나 마나한 인간(사물)
sophism,"궤변, 잘못된 이론"
homily,설교;지루한 도덕적 훈계
grating,삐걱 거리는;(소리가)신경에 거슬리는
menace,위협하는 사람;위협하다
lissome,"유연한, 우아한"
inter,매장하다
leviathan,거대한 바다동물; 거대한 것
alibi,부재증명
dehydrate,"건조시키다, 탈수시키다"
acumen,"명민,판단력,분별력"
insubstantial,"허약한, 튼튼하지 않은"
vainglorious,자만심이 강한
pilfer,훔치다
shun,기피하다
metamorphose,변형하다
reagent,시약
lugubrious,"침울한, 슬픈"
dank,(불쾌하게)축축한
philanthropist,"박애주의자,자선가"
unavailing,"보람없는, 효과없는, 소용없는"
obscure,불명료하게 하다;불명료한;유명하지 않은
chimera,"가공의 괴물, 가상"
knead,반죽하다
impair,"약화시키다, 손상시키다"
retract,"취소하다, 철회하다"
ineffable,"말로 표현할 수 없는, 형언할 수 없는"
scanty,"적은, 불충분한"
dredge,"물바닥등을 긁어내다, 준설하다"
limpid,"(액체)깨끗한, 맑은"
transient,일시적인
persimmon,감(오렌지색 과일)
precursor,"선구자, 선행하는 것"
pertinent,"관련된,적절한"
heretic,"(일반적인 믿음)따르지 않는 사람, 이단자"
preoccupation,"몰두, 열중"
ecumenical,"보편적인, 전반적인"
chuckle,"킬킬 웃다, 소리 없이 웃다"
testy,"조급한, 쉽게 화내는"
warehouse,"상품창고,물류창고"
emergence,"출현, 부상, 발생"
correspond,"부합하다, 상응하다; 서신을 교환하다"
torpor,무기력
surpass,능가하다
irrevocable,"돌이킬 수 없는, 취소할 수 없는"
rabid,"과격한, 광신적인, 맹렬한"
ad-lib,즉흥 연설(연기 등)
puerile,유치한
haste,"서두름, 신속함"
paralyze,마비[활동 못하게]시키다
relentless,"엄격한, 가혹한, 무자비한"
aesthete,심미안이 있는 사람
deadpan,무표정한
canonical,"권위로 인정된, 정통의"
umbrage,"불쾌감, 화"
fruition,"성취, 실현, 달성; 성취의 순간"
swath,"넓은 지역, 널은 길"
dissipate,흩어지게 하다
flagging,"(힘, 권한, 결심) 약해지는; 축 늘어지는"
aloof,"쌀쌀맞은,무관심한,초연한"
venal,매수되기 쉬운
viable,실행가능한; 생존할 수 있는
overlook,간과하다;무시하다
meet,적절한
incorporeal,"비물질적인, 비육체적인"
opacity,불투명 성
thrift,검소함
compromise,"(명예,신용) 위태롭게 하다, 훼손하다"
chip,"깨진 (돌, 나무)조각"
respectable,존경 받을 만한
nemesis,복수의 화신;강적
gavel,"(의장,판사,경매인의)작은 망치,의사봉"
feisty,"적극적인, 원기 왕성한"
sequester,고립시키다
apprise,"정보를 주다,알려주다"
fumble,"서툴게 다루다, 더듬어 찾다, 말을 더듬거리다"
charade,"뻔한 거짓, 제스처게임"
illustrate,"(그림, 차트, 예를 이용해서) 명확히 설명하다"
extinguish,불을 끄다
collaboration,"협동,협력"
evanescent,사라지는
coy,"부끄러운척하는, 조신한척하는, 수줍어하는"
relegate,강등시키다
grudge,원한
rude,"미개한, 교양 없는;건장한;거친,가공하지 않은, 조잡한"
treasure,"소중히 여기다, 소중히 간직하다"
chateau,(프랑스)성(城)
largesse,후함
infirmary,양호실
jubilant,"환희에 가득 찬, 매우 기뻐하는"
onset,시작
hirsute,털이 많은
ungovernable,통제나 지배가 불가능한
prodigal,낭비하는
garnish,장식하다
for(e)swear,포기하다; 위증하다
effete,활력 없는
allocate,"할당하다, 혼합하다"
maven,전문가
tarnish,"광택을 잃다, 더럽히다"
tatty,"낡고 초라한, 넝마를 걸친"
penitent,"참회하는,뉘우치는,회개한"
voluminous,"부피가 큰, 방대한"
venerable,존경 받는
condensed,요약된
remorseful,"깊이 후회하는, 뉘우치는"
ignorance,"무지, 무식"
inconstant,"변하기 쉬운, 변덕스러운, 일정하지 않은"
paradigmatic,전형적인
homogeneous,"동종의, 균질의, 비슷한"
pallor,창백함
refractory,"고집불통의, 다루기 힘든"
orator,"웅변가,대중연설가"
tangential,"주변의, 핵심에서 벗어난"
grimace,"찡그림;찡그리다(병,고통 등으로)"
acclimate,"(새로운 환경에) 적응시키다,적응하다"
fledgling,"풋나기(의), 애송이(의)"
soporific,"수면성의, 잠이 오게 하는; 졸리는"
pulverize,분쇄하다
cultivate,"재배하다,기르다,양성하다"
dispassionate,"감정에 휘둘리지 않는, 냉정한;편견 없는, 공평한"
bibliophile,애서가
dole,"슬픔,고통"
vaccinate,예방 접종하다
cramped,"답답한, 비좁고 갑갑한"
talisman,부적
resignation,"사퇴;체념, 포기, 단념"
flam,"거짓,허위,속임수,헛소리"
anodyne,"진통제,진정제"
gambol,뛰놀다
implement,이행하다
proximate,"(관계, 원인, 장소, 시간) 가장 가까운; 근사값의"
stifle,"제한하다, 억제하다"
irradicable,제거할 수 없는
ruminant or ruminative,"반추하는, 생각에 잠긴"
grapevine,"유언비어,낭설"
entice,유혹하다
choreographer,안무가
somnolence,졸리움
delegate,위임하다; (회의) 대표로 파견하다
slovenly,"지저분한, 단정치 못한; 되는대로 하는, 날림의"
snug,"편안한; 깔끔한, 말끔한"
relaxation,긴장의 이완;몸과 마음의 재충전;느슨해지기
discombobulate,혼란스럽게 하다
stiff,유연하지 않은; 뻣뻣한
demurrable,이의를 주장할 수 있는
hypnotic,"최면에 걸리게 하는, 잠이 오게 하는"
trite,진부한
pry,사적인 문제를 지나치게 캐묻다
vacillate,"마음이 오락가락하다, 주저하다"
sobriety,"근엄, 엄숙, (색깔) 어두움"
trespass,"(종교)죄,위반,부정; 불법침해, 불법침입; 죄를 범하다; 침해하다, 침입하다"
masticate,씹다
sawdust,톱밥
rip,"거칠게 찢다, 갈기갈기 찢다"
sapient,"슬기로운, 지혜로운"
aside,여담
corrective,"교정하는, 올바르게 하는"
expedite,"촉진시키다, 추진하다, 신속히 처리하다"
hearten,"용기를 주다, 확신을 주다"
dupe,속이다
ossify,골화(骨化)되다;보수화되다
unsubstantiated,증거로 증명되지 않은
pendulum,시계추
pastoral,전원적인
dismount,(말 등에서) 내리다 
congeal,"응결시키다, 경직시키다"
repress,"억압하다, 억제하다"
beleaguer,괴롭히다; 포위 공격하다
raft,부대(floating platform); 뗏목
foil,"방해하다, 막다"
hairbreadth,털끝만한 간격
flock,"떼로 모이다, 움직이다."
imperturbability,"침착, 차분, 평정"
myopia,근시안
dart,돌진하다
gratuitous,"무료의, 필요 없는, 근거 없는"
gallant,"용감한; 정중한,기사도적인"
enthrall,마음을 사로잡다; 노예로 만들다
persevere,"인내하다,견디다"
wilt,시들다
wordsmith,(말에 능숙한)문장가
consonance,"일치, 조화, 화음"
corroborate,"증명하다, 확증하다"
belligerent,"호전적인, 전쟁 중에 있는"
heed,주의를 기울이다
perpetrate,"(범죄,과실,실책) 범하다,저지르다"
tiresome,"지루하게 하는, 짜능나게 하는"
unkempt,"(외모) 흐트러진, 단정하지 못한"
mute,소리 없는
wilderness,"광야,황무지"
pliable,모양이 잘 휘는; 고분고분한
brake,제동장치
halcyon,"평온한,평화로운"
arrhythemic,"리듬이 없는, 규칙성이나 반복이 없는"
coagulant,(혈액 등) 응고제
revulsion,"역겨움, 혐오감"
unplumbed,(깊이 등이) 완전히 측정되지 않은
fitful,"불규칙적인, 발작적인"
malady,"질병, 병폐"
dilate,확장되다; 장황하게 말하다
compunction,양심의 가책
consternation,"대경실색, 깜짝 놀람"
callous,"냉담한, 무감각한"
staid,"조용한, 진지한"
fingerprint,지문
pernicious,해로운
controvert,"부인하다, 반박하다"
venial,"(죄, 잘못) 사소한, 용서받을만한"
rescission,"철회, 취소"
grouch,"불평꾼,짜증 잘내는 사람"
profound,심오한; (사람) 큰 지식과 통찰력이 있는
murky,"어둑어둑한, 안개가자욱한, 모호한, 애매한"
permute,"변경하다,순서를 바꾸다"
insatiable,"(식욕, 욕망)만족시킬 수 없는"
incense,몹시 화나게 하다
nitrogen,질소
depravity,"타락,부패,사악"
thermal,열의
inherent,"본질적인, 타고난"
helter-skelter,허둥지둥
obscenity,"저속한 행동,말"
veto,"금지, 거부; 거부권"
zest,"기분 좋은 맛,자극,흥미,관심"
crumb,빵 부스러기
glutton,"식신, 식탐이 강한 사람"
apprehensive,"걱정하는,겁내는"
frighten,"겁나게 하다, 놀라게 하다"
ineradicable,제거되어질 수 없는
daunt,위협하다
derelict,"태만한, 나태한; (건물) 방치된, 버려진"
disputable,논쟁의 여지가 있는
overt,"공공연한,명백한,숨김없는"
dilatory,"행동이 느린, 늑장부리는"
delineate,정확하게 묘사하다
deprecate,비난하다; 반대하다
diminution,"축소, 감소"
timeworn,너무 오래 입어서 해어진; 너무 많이 써먹은; 진부한
prostrate,"엎드리(게 하)다, 굴복시키다, 굴복하다, 쇠약하게 하다;엎드린,굴복한,기진맥진한"
denunciate,공공연히 비난하다
clog,"(움직임, 흐름)막다, (활동) 방해하다"
menial,"하인의, 비천한"
libel,문서에 의한 명예훼손; (문서로) 명예를 훼손하다
chide,꾸짖다
contrite,뉘우치는
chaperone,사교계에 나오는 미혼 여성을 따라다니며 돌봐주는 부인
subtle,"미묘한, 분석이나 설명이 힘든, 복잡한"
obsequious,아부하는
coalesce,"합쳐지다, 하나가 되다"
score,"악보, 총보, 배경음악"
contumacious,고집 센
lucid,명백하여 이해하기 쉬운
queue,"(차, 사람) 줄, 대기행렬"
negligible,하찮은
retrench,삭감하다
exploit,"위업, 업적; 이용하다, 착취하다"
feeble,허약한
omnipotent,전능한
rowdy,"소란스러운, 난폭한"
plethora,"초과, 과다"
emulation,"경쟁의식, 모범으로 삼음;흉내내기"
shrewdness,"예리함, 날카로움, 명민함"
agile,민첩한
sully,더럽히다
fiasco,대 실패
wayward,"통제할 수 없는, (행동이) 어디로 튈지 모르는 "
inception,"시작, 설립"
chicanery,속임수
oblique,"기울어진,비스듬한,완곡한,모호한;부정한,잘못된"
dingy,"칙칙한, 지저분한"
rarity,희귀함; 희귀하고 진귀한 것
psalm,"성가, 찬송가; (시편)시"
asylum,"(정치범,난민,정신병자 등의)보호시설, 피난처"
querulous,"징징거리며 불평하는, 불만이 많은"
vagrant,"방랑하는 사람, 부랑자; 방랑하는, 정처없는; (생각) 변덕스런, 불안정한"
obviate,"불필요하게 하다;예방하다,제거하다"
forceful,강력한
pelf,"돈,부유함"
archipelago,군도
sinewy,"힘찬, 활발한, 건장한"
baffle,"당황하게 하다,어리둥절하게 하다"
forlorn,"버림받은, 절망적인"
eccentric,"별난, 엉뚱한"
annul,"무효로 하다, 취소하다,폐지하다"
virulent,해로운
mortar,막자 사발
polarize,양극화하다; 분열시키다
mislead,"속이다, 오도하다"
truculent,"싸우기 좋아하는, 호전적인, 공격적인"
fawn,아부하다
footloose,"결부된 것이 없는; 마음대로 할 수 있는, 구속되지 않은"
thoroughgoing,철저한
anachronistic,연대기적 오류가 있는;구시대적인
loft,"위로 차 올리다, 위로 올라가다"
iniquity,"부도덕함, 사악함, 극악함"
tilt,기울다; 기울게 하다
immerse,"푹 담그다; 열중, 몰두시키다"
rebel,"반항하다, 반란을 일으키다"
latitude,"(행동, 사항, 견해) 자유, 허용 정도"
splurge,(돈) 펑펑 쓰기; (돈) 펑펑 쓰다
grandstand,"(관객,미디어로부터)주목 받으려 하다,(관객을 의식하여)화려한 플레이를 하다"
enchant,"황홀하게 하다, 매혹시키다"
denture,의치(한 벌)
estimable,존경 받을 만한
predecessor,"선구자, 선행하는 것"
unrepentant,"후회하지 않는, 회개하지 않는"
bootless,"소용없는, 쓸모 없는"
toga,로마인들의 흰색 옷
dexterous,"솜씨 좋은, 능숙한"
zeal,강한 열정
quibble,"사소한 반대, 트집잡기; 사소한 문제에 트집잡다, 논의의 주제를 회피하다"
ambrosial,"맛있는,향기로운"
gem,(깎아서 다듬은)보석
indecipherable,판독이 불가능한; 이해할 수 없는
grandiose,"(겉모습, 외양) 웅장한, 장엄한; (계획) 의욕이 지나친"
magniloquent,호언 장담하는
soothing,진정시키는
shadowy,"그림자 드리워진, 희미한, 애매한"
futility,"헛수고, 무익함"
accolade,"영예,영광,찬양"
brute,"짐승 같은 사람, 망나니"
agape,(입) 벌어진
magnanimity,"도량, 관대함"
abase,"(품위, 지위) 강등시키다"
aviary,(큰)새장
assembly,모임
heart-rending,"마음을 찢어지게 하는, 매우 슬픈"
perspicacious,"통찰력 있는,명민한"
badger,계속 괴롭히다;계속 졸라대다
squelch,억제하다
fiscal,"재정의, 재무의, 회계의"
fascinate,매료시키다
jaded,"지친, 지긋지긋한, 싫증난"
rancid,(부패해서) 냄새가 고약한
gargantuan,거대한
underscore,밑줄 그어 강조하다
falter,"주저하다, 비틀거리다"
founder,침몰하다;실패하다
gracile,늘씬한
square,제대로 정돈된
masterful,"명인 솜씨의, 대가의, 훌륭한"
inviolate,"신성한, 더럽혀지지 않은"
repeal,"취소하다, 철회하다"
slothful,게으른
garrulous,지나치게 수다스러운
conspire,공모하다
convergence,"합침, 집함, 집중"
commensurate,"동등한, 같은 크기의, 균형 잡힌, 비례된"
default,"의무불이행, 채납"
featureless,뚜렷한 특징이 없는
humility,겸손함
enigmatic,난해한
baroque,"지나치게 장식적은,화려한"
void,법률적 효력이 없는
inflate,"부풀게 하다, 확장시키다, 팽창시키다"
apathetic,"무감각한,무정한,무관심한"
yawn,하품하다
exuberant,"열의에 찬, 열광적인, 원기 왕성한, 활력적인"
tonic,"힘을 주는, 원기왕성 하게하는"
frequent,자주 들르다
motley,"잡동사니의,잡색의"
scrupulous,"양심적인; 세심한, 꼼꼼한, 면밀한"
disintegrate,"해체시키다, 해체하다"
lax,"축 늘어진; 엄하지 않은, 관대한, 부주의한"
hieroglyph,(이집트)상형문자
ailing,아픈
apprehensible,이해하기 쉬운
perennial,"지속적인,영구적인"
complaisant,"기쁘게 해주려하는, 친절한, 정중한"
desiccate,건조시키다 
credence,"신용, 신임"
glance,흘긋 보기; 흘긋 보다
reassure,안심시키다
impromptu,즉흥적인; 즉흥연주
wan,"병약한,안색이 나쁜"
domicile,"거주지, 집"
foul,"불쾌하고 역겨운; (날씨)사나운, 나쁜;(사람,언행)사악한,부도독한,저속한"
affinity,좋아함; 유사성
sprain,"염좌, 삐기"
oaf,"바보,멍청이,기형아"
intemperate,"무절제한, 방탕한"
deft,"솜씨 좋은, 민첩한"
oust,"(지위,장소에서)내쫓다,축출하다"
fit,적당한
outstanding,뛰어난
mawkish,매우 감상적인
gullible,쉽게 속는
marvel,놀라운 것
bale,"재앙;불운,고통,불행"
remonstrate,"항의하다, 이의를 제출하다"
respect,존경
vaporous,"증기의; 실직적이지 않은, 공허한, 가벼운; 신뢰할 수 없는, 자주 변하는"
preposterous,"비상식적인, 터무니없는"
impacted,"(쇄기처럼)박힌, 꽉 끼인"
snarl,"뒤엉키게 하다, 방해하다"
passionate,"열정적인, 감정에 치우치는"
aspersion,비방
apiary,양봉장
harry,"괴롭히다, 못살게 굴다"
pitfall,"함정,도사린 위험"
vivify,"생기를 주다, 기운 차리게 하다"
askew,휘어진
pejorative,"경멸적인,비난적인"
arboreal,"수목의, (동물) 나무위에 사는 "
outlaw,"범법자,무법자"
renege,"약속을 이행하지 못하다;(약속, 계약) 폐기시키다"
chagrin,"원통함, 분함; 분함을 가지게 하다"
prospect,채굴하다
erudite,박식한
noncommittal,"분명한 의견을 표명하지 않은,애매한,확실하지 않은"
suspend,매달다; 막다; 연기하다
loathe,혐오하다
inert,"움직이지 않는, 활력 없는"
acerbic,"(태도,말) 신랄한; (맛) 신,쓴"
elongate,"(길이)늘이다, 연장하다"
ensue,뒤따라 발생하다
agglutinated,"접착된,응집된"
skittish,"변덕스런, 장난스런, 활발한"
archive,"기록모음,기록보관소"
mold,모양을 바꾸다;변형시키다
tantalize,감질나게 하다; 자극하다
slapdash,소홀하게 허둥지둥 이루어진
cache,"(귀중품, 무기)은닉처"
complement,"보완하다, 보충"
illiteracy,"무학, 문맹, 무교양"
droll,"까부는, 우스꽝스런"
lassitude,무기력
palter,"둘러대다,얼버무리다,속이다"
careworn,걱정(고생)으로 초췌한
foliage,(집합명사) 잎
marshy,질퍽한;습지의
eminent,"저명한, 유명한"
blare,"(소리)울려퍼지다;요란하게 울리다, 떠들어대다; 요란한소리"
anterior,이전의
languid,"늘어진, 나른한, 기력 없는"
unexceptionable,반대의 여지가 없는
taut,"팽팽한, 긴장된"
potentate,"권세가, 강대한 힘의 소유자"
tirade,"장광설, 신랄한 공격"
merrymaking,떠들고 놀기; 야단법석
epicenter,"(지진) 진앙, 진원지 ; 중심점"
obdurate,고집 센
deracinate,뿌리째 뽑아버리다; 근절하다
exacting,정확한;엄격한
macabre,"으스스한, 소름 끼치는"
generator,발전기
provincial,"지방색의, 촌스러운, 세련되지 못한;시야가 좁은, 편협한"
incogitant,사려 없는 분별없는 경솔한
labyrinth,미로
groveling,"비굴한,아첨하는;기는"
airproof,공기가 통하지 않는
segment,"쪼개다, 나누다"
tine,(포크의)날카로운 갈래
abdicate,"(절대군주,고위공직자)사퇴하다,사임하다; (지위,권한,의무)포기하다,버리다"
splint,부목
undermine,약화시키다
verifiable,입증 가능한
contretemps,뜻밖의 불운한 사건
vagary,"변덕스런 행동, 엉뚱한 짓, 변덕"
tripod,(카메라)삼각대
officious,참견이 심한
stultify,"활력을 없애다, 바보로 만들다; 무효로 하다"
jolt,"(갑자기, 난폭하게) 흔들다, 마구 흔들다"
noxious,"해로운,불쾌한"
saintliness,거룩함
dynamo,"에너지가 넘치는 사람, 정력가"
rankle,화나게 하다
shadow,미행하다
parlance,화술
lofty,숭고한
anecdote,일화
tractable,고분고분한
novice,초보자
peerless,"최고의,적수가 없는"
nonchalant,"태연한,무관심한"
iridescent,무지개 빛깔의
nondescript,뚜렷한 특징이 없는
haunteur(haughtiness),"오만함, 거만함"
contention,"다툼, 논쟁, 주장"
succor,원조하다
willowy,"(사람이) 키 크고 날씬한,우아한"
procrastinate,"미루다, 지연하다, 늑장부리다"
unswerving,"굳은, 변함없는"
miscreant,범법자
asperity,"(말,태도) 신랄함"
blithe,"경솔한, 부주의한;명랑한, 쾌활한"
go-getter,"공격적인 사람, 진취적인 사람"
accrue,"(증가,첨가에 의해서) 생기다"
reprobate,나쁜 놈;비난하다
respite,짧은 휴식
nether,"아래의,밑의"
sustain,"유지하다, 지탱하다"
intrepid,"겁 없는, 대담한"
salubrious,"건강에 좋은, 유익한;건강한"
disillusion,몽상이나 잘못된 믿음에서 깨어나게 하다
teeter,비틀거리다
pluck,용기
illicit,불법적인
beatific,"축복을 주는, 행복을 주는 "
metaphysical,"형이상학적인, 극히 추상적인"
squalor,"더러움, 누추한; 천함, 비열함"
damn,비난하다
plumage,(집합 명사)새의 깃털
eaglet,새끼 독수리
plangent,(소리) 울려 퍼지는
quip,재치 있는 응답; 교묘하게 비꼬는 응답
remote,"(거리) 먼, 외진;(관계)소원해진"
solicitous,걱정하는
heresy,이단
quarrelsome,싸움하기 좋아하는
vocal,자유롭게 의견을 표현하는
heckle,괴롭히다
foot-dragging,"지체, 더딤, 주저"
unheralded,"널리 알려지지 않은, 무명의, 뜻밖의"
ruse,"계략,음모, 책략"
submerge,"물에 푹 빠뜨리다, 잠수시키다"
readership,독자층
rotund,"둥근, 퉁퉁하게 살찐"
liberality,"후함, 관대함"
repertoire,"연주종목일람, 총 상연곡목(작품)"
heartsick,상심한
biting,신랄한; 통렬한
fame,"유명, 유명세"
humble,"겸손한, 겸허한"
psuedonym,(작가) 필명
glaring,"눈부시게 빛나는; (색) 지나치게 야한; 눈에 띄는, 뻔한"
gourmand,"미식가, 대식가"
juggernaut,"엄청난 파괴력, 불가항력"
limp,절뚝거리다
impervious,"통과할 수 없는; 영향을 받지 않는, 해를 입지 않는"
salutary,유익한
laudable,"칭찬받을 만한, 훌륭한"
blunt,"직설적인, 무뚝뚝한, 퉁명스런; (칼이나 연필)뭉퉁하고 무딘; 날카롭지 않게 만들다"
verbose,장황한
fastness,"요새, 안전한 곳; 고정; 신속"
preface,"서론, 머리말"
cornucopia,풍부함(의 상징)
shrug,"(무관심, 의문, 불쾌의 표시) 양 어깨를 으쓱하다"
exhort,"강요하다, 강권하다"
maniac,광적으로 열중하는 사람
awning,차양
fidelity,"충성, 정조"
surmise,"추측하다, 짐작하다"
aqueous,"물의,수성의,물을 함유한"
palpitate,(심장)빠르게 뛰다
pique,"화나게 하다,자극하다"
gruesome,"소름 끼치는, 오싹하는"
denigrate,부당하게 비난하다; 폄하하다
parrot,"기계적으로 떠라 하다,기계적으로 반복해서 말하다"
mensurable,측정 가능한
whet,날카롭게 하다;자극하다
defy,"(공공연하게) 저항/도전하다, 불복종하다"
heinous,(행동) 극악한
archaic,"고대의,고풍스러운,구식의"
rash,"무모한, 서두르는, 성급한"
abstract,"요약하다,주의를 딴 곳으로 돌리다 ,(설명이) 구체적이지 않은,난해한"
tarpaulin,(타르 등을 칠한)방수시트
longevity,"장수, 오래 지속됨"
vapid,"맛 업는, 자극 없는, 재미없는"
resentful,"분개한, 화를 잘 내는"
auspicious,"길조의,유리한"
cast,출연배우들
crumble,"바스러지다, (건물,땅)허물어지다"
partisan,열렬한 지지자
curt,"(말)퉁명스런, 짧은, 간결한"
court,"호의를 얻으려 하다, 구애하다"
calculated,"의도된, 계산적인"
anarchist,무정부주의자;폭력혁명가
calcify,"석회화하다, 굳어지다"
profligate,"탕진하는, 낭비하는"
nocturnal,"밤의,야행성의"
leaden,"둔한, 느릿한; 활기 없는"
hacker,아마추어 스포츠인
scurrilous,"(입) 상스런, 저속한, 욕하는"
germane,"밀접한 관계가 있는, 적절한"
artisan,"기능공,숙련공,장인"
bevy,"무리, 떼"
conducive,"공헌하는, 도움이 되는"
apocryphal,"저작자가 의심스런,가짜의"
standoffish,"쌀쌀맞은, 마음을 잘 열지 않는, 무뚝뚝한"
clumsy,"서툰, 어색한; 다루기 힘든, 어려운"
indomitable,"불굴의, 꿋꿋한 불복하지 않는"
advent,"출현,도래"
thundering,"엄청난, 대단한"
sketch,대략적으로 묘사하다
torrid,매우 더운; 열정적인
naïve,"순진한,순박한,경험이 없는"
prolix,"장황한, 지루하게 긴"
incipient,"시작단계의, 초기의, 발단의"
wizened,"쭈글쭈글한,쇠약한,시든"
hobnob,"(높은 신분과)친하게 지내다, 사귀다"
exhume,"(매장된 것, 시신) 파내다"
tailor,재단사
expedient,편의주의적인; 신속한
proffer,"내놓다, 제의하다"
duly,"적절하게, 적당하게"
fulmination,심한 비난
plague,괴롭히다
combustible,"가연성의, 불붙기 쉬운"
stipple,점묘법으로 그리다
urbane,"세련된, 예의 바른"
bibliography,"도서목록, 문헌 목록"
overture,"(오페라,오라트리오)서곡"
marsupial,유대목
loathsome,혐오스러운
homage,존경
deflate,수축시키다; 풀 죽게 하다
disembarrass,"(짐, 장애, 걱정 등에서) 해방하다"
floppy,"(옷이) 펄럭이는, 늘어진, 느슨한"
propensity,"강한 기호, 경향"
inculpate,"혐의를 씌우다, 죄를 씌우다"
reticent,과묵한
lubricate,"기름칠하다, 매끄럽게 하다, 원활하게 하다"
glacial,"매우 추운; 매우 느린; (태도,눈빛) 매우 차가운"
morbid,"병의,병적인"
manumit,해방(석방)하다
obedient,"순종적인,복종을 잘하는"
matter-of-fact,"현실적인, 실질적인"
heterodox,(일반적인 믿음)따르지 않는
diehard,완강하게 저항하는; 완고한 보수주의자
potable,마시기에 적당한
deplore,비난하다; 개탄하다
recluse,은둔자
toothsome,"맛있는, 매력적인"
hydrogen,수소
winsome,매력적인
paragon,"완벽한 예가 되는 사람이나 사물,모범,전형"
dormant,활동이 없는;동면 기에 있는;잠재적인
dogged,"끈질긴, 끈덕진"
nepotism,친족주의
nefarious,"사악한,범법의"
arbitrary,"임의의, 제먹대로의, 자유재량의"
hedonism,쾌락주의
pervade,"퍼지다,온통 가득하다"
sangfroid,"침착, 냉정"
euphoria,(강한)행복감
exacerbate,악화시키다
cosset,응석을 받아주다
smuggle,밀수하다
vex,"짜증나게 하다, 귀찮게 하다"
convert,"변형시키다, 바꾸다, 개종시키다"
unaccountable,설명되지 않는
revere,깊이 존경하다
transition,"변화, 전이"
contrived,"계획된, 의도된"
respectful,공손한
assiduous,"끈기 있고 부지런한,꾸준한"
vociferous,떠들썩한
fretwork,실톱세공
aimless,목적 없이 노력하지 않는
observant,"지각력이 예민한, 기민한"
subservient,"굴종하는, 비굴한; 부차적인, 부수적인"
toady,아첨하는 사람
attest,"증명하다,증언하다,입증하다"
envy,"부러워하다, 탐내다"
balky,"고집 센,말을 안 듣는"
mar,"망치다, 손상하다"
anonymous,"무명의,익명의"
ameliorate,"개선하다,개량하다"
coolheaded,"냉정한, 침착한"
renown,명성
deferrable,미룰 수 있는
knack,"요령, 비결"
shard,"(도자기, 유리, 바위) 파편조각"
jest,"농담, 익살, 희롱; 놀리다, 비웃다"
peeve,화나게 하다
enfeeble,약화시키다
detain,"붙들다, 지체시키다; 구류하다"
digress,(주제에서) 벗어나다
genial,"친절하고 쾌활한, 상냥한"
vicissitude,"(인생, 운명) 변천, 부침, 변하기 쉬움"
obtrusive,눈에 거슬리는
grave,"엄숙한, 진지한"
beacon,"등대, 봉홧불"
absolve,"(비난,유죄성,책임에서) 벗어나게 해주다"
heyday,전성기
politic,"현명한, 분별력 있는"
majestic,"위엄한, 당당한, 장엄한"
entrammel,"얽히게 하다, 구속하다, 방해하다"
rile,화나게 하다
amity,"우호, 우정, 친목"
rabies,"공수병, 광견병"
sacerdotal,"성직의, 사제의"
embezzle,"횡령하다, 사취하다"
gainsay,"반박하다,부인하다,반대하다"
repudiate,"부인하다, 거절하다"
outlandish,"별난,기이한,희한한;이국적인"
din,소음
vouch,"(신뢰성을)보증하다, 보장하다"
incognizant,모르는 무지한
expeditious,신속한
recidivism,상습적 범행
dodge,피하다
bliss,"더 없는 기쁨, 행복"
thrive,"번성하다, 무성하게 자라다"
dulcet,(소리가)감미로운
tularemia,(전염성)야토병
aggravate,"악화시키다,화나게 하다"
proselytize,개종시키다; 개종하다
bribe,"뇌물 주다, 매수하다"
lambaste,심하게 비난하다
sop,달래려고 준 것; 뇌물
appease,"달래다,진정시키다,양보하다"
virtuous,"덕이 높은, 미덕이 있는"
hallow,"거룩히 여기다, 신성하게 하다"
deter,단념시키다
impecunious,무일푼의
valediction,작별; 작별인사
judicious,현명한
encoded,암호화된
restrain,"제한하다, 억제하다"
parity,"동등,동격,동량"
wince,"(고통,두려움)찡그리다,움츠리다"
hortative,"(조언, 연설 등이)격려하는; 충고의"
triptych,"3매가 이어진 제단 그림, (미술,문학,음악의)3연작, 삼부작"
eavesdrop,몰래 엿듣다
enrich,부유하게 만들다; 향상시키다
barrel,"쏜살같이 움직이다,질주하다"
edit,편집하다
recess,쉬는 시간;휴식기간;활동의 임시적 중단
albino,백화병환자
subvert,전복시키다
recuperative,(건강)회복시켜주는
esteem,"존경, 존중, 호의적 평가"
ingenious,독창적인
standard,표준의
incredible,믿을 수 없는
betrothal,약혼
censure,비난하다
ineffaceable,"지워질 수 없는, 잊을 수 없는"
truss,"형구, 지붕 틀"
poseur,젠체하는 사람
acolyte,"(로마가톨릭 예배의식) 시제,복사"
consensus,"합의, 동의"
rebut,"반박, 논박하다"
instrumentalist,악기 연주자
dandy,지나치게 멋 부리는 남자
farcical,우스꽝스런
awry,휘어진
beguile,"매혹시키다, 속이다, 기만하다"
bumptious,"거만한, 오만한, 지나치게 자기주장이 강한 "
hangdog,"처량한, 부끄러워하는"
obstacle,"방해물,장애물"
capability,힘과 능력
adversary,"적,원수"
intrinsic,본질적인
gull,속이다
loquacious,(매우)수다스러운
adapted,적절히 변경된
apex,최고점
dawdler,게으름뱅이
conciliate,"화해시키다, 중재하다, 조화시키다, 일치하다"
penetrating,"직관력이 있는,통찰력 있는, 현명한"
canopy,차양
cane,"사탕수수 나무줄기, 지팡이, 회초리"
oblivious,"알아채지 못한,염두에 없는,망각한"
discrepancy,"불일치, 차이, 어긋남"
grievous,"심각한,중대한,슬픈"
legendary,"전설적인, 매우 유명한"
boggle,"깜짝 놀라게 하다, 압도하다;깜짝 놀라다, 움찔하다"
disguise,위장하다
plagiarism,표절
retention,"보존, 보유, 유지;기억력"
wander,"(정처없이) 헤매다, 배회하다"
castigate,"심하게 꾸짖다, 비난하다, 징계하다"
chromatic,색채의
vitiate,"손상시키다, 망치다, 무효화하다"
cunning,"교활한, 교묘한; 속임수,정직하지 않음"
ignoble,"비열한,야비한"
remold,"(모양, 구조, 특징)바꾸다"
slight,"사소한, 대수롭지 않은; 무시하다, 경시하다"
irradiance,복사 조도; 발광
veer,방향을 바꾸다;(갑자기) 의견이나 주제를 바꾸다
prosecution,기소
circumlocution,"에둘러대기, 완곡어법, 다변"
martinet,"엄격한 규율가, 엄격한 교관"
apostate,변절자;변절하는
analgesic,통증을 없애주는;진통제
steal,은밀히 움직이다
paean,"찬가,승전가"
charlatan,"허풍선이, 돌팔이, 사기꾼"
eatable,(음식)먹을 수 있는
abrogate,"(법령,관습) 공식적으로 폐지하다"
fraught,"가득한, (정신) 괴로워하는"
jocular,"익살맞은, 떠드는, 까부는"
pittance,"아주 적은 용돈, 수당, 보상"
stain,얼룩; 더럽히다 
ancillary,"부속의,보조의"
iconoclast,성상파괴자; 인습타파론자
intransient,"금방 사라지지 않는, 영구적인"
encyclopedic,"포괄적인, 백과사전식인, 해박한"
hoard,"보관하다, 저장하다;(몰래) 저장하다"
aerial,"공기의,공기 중에서 발생하는"
obfuscate,"애매하게 하다,어리둥절하게 하다"
bilk,"(돈)사취하다, 속이다; 피하다; 좌절시키다, 막다"
rickety,(구조물)곧 무너질 것 같은
evasive,"회피하는, 솔직하지 않은"
riveting,"대단히 매력적인, 푹 빠지게 하는"
impenetrable,"통과할 수 없는, 스며들 수 없는, 이해할 수 없는"
innocuous,무해한
idle,"(기계,공장)작동하지 않는, 사용되지 않는"
sadist,가학적인;잔혹함을 즐기는 사람
spent,"(힘, 에너지) 소진된"
blazon,"과시하다, 꾸미다"
wrinkle,주름
approbation,"승인,칭찬"
vilify,"비방, 중상하다"
congruence,"적합, 일치, 합동"
truism,"자명한 이치, 뻔히 아는 일"
dire,"끔찍한, 불길한"
secular,세속적인
immeasurable,"측정할 수 없는, 무한한"
leaven,"발효시키다, 부풀어 오르게 하다"
gauche,"서투른,세련되지 않은,솜씨 없는"
debunk,(허구임을) 드러내다
preempt,"선제적으로 막다; 선취하다, 선점하다"
congenital,선천성의
repellent,불쾌감을 주는
ruffle,(셔츠 끝단) 주름장식
greed,탐욕
smirk,(자기만족감에) 히죽히죽 웃다
supercilious,거만한 건방진
concur,"동의하다, 동시에 발생하다"
intensify,심화시키다; 강화시키다
rally,"세를 규합하다; 집회로 모이다; (사기) 진작시키다; (건강,기세) 회복시키다"
hamper,"막다,방해하다"
lethargy,무기력
meld,(골고루) 잘 섞다
lighthearted,"걱정이 없는, 쾌활한, 명랑한"
incarcerate,투옥시키다. 감금시키다
unfriended,친구가 없는
cognizant,"인식한, 알고 있는"
furor,분노
impede,"방해하다, 훼방 놓다"
measure,악보한마디;측정하다
discursive,"산만한, 종작없는"
tribute,"감사, 존경, 찬양의 표시"
appreciable,"상당한,쉽게 알아볼수있는"
numb,마비된; 마비시키다
freeze,동결하다
inequity,"불공정, 불공평"
scission,"절단, 분리, 분열"
loaf,빈둥거리다
flout,"경멸하다, 비웃다, 멸시하다"
signal,"현저한, 주목할만한; 훌륭한, 탁월한"
enmity,적대감
issue,"나오다, 흘러나오다; 방출하다, 지급하다; 발표하다"
diplomatic,"(사람 다루는 데에) 능숙한, 능란한"
hinder,방해하다 
portrait,초상화
perfidy,"배신,속임"
bugle,군대 나팔
stark,"장식이 없는, 간소한; 뚜렷한, 분명한; 완전한; 강한, 굳센"
downgrade,강등시키다
speed,"속도를 높이다, 가속화하다"
innovation,혁신
consummate,"(기술,실력) 완전한, 완벽한"
confound,"혼돈하다, 당황케 하다"
rant,"호언장담, 과장된 말; 고함치다, 고래고래 소리치다"
scale,"천칭, 저울"
impartial,공정한
indulge,탐닉하다; 관대히 대하다
brassy,"뻔뻔스런, 철면피의"
roil,"화나게 하다, 초조하게 만들다;액체를 휘저어 흐리게 하다"
inventory,"재고목록, 품목 일람, 재고조사"
unabated,"(세력, 활기 등) 줄어들지 않는"
boondoggle,"속임수, (부질없는)시시한 일; 속이다, 부질업는 일에 시간을 낭비하다"
frail,"약한, 깨지기 쉬운"
hubris,"지나친 자신감, 오만함"
synthesize,"합성하다, 종합하다"
obstreperous,"통제가 안되는,시끄러운,떠들썩한"
triad,"3인조, 3개한벌"
pliant,"유연한, 고분고분한"
bristle,"분연하게 성내다, 성나서 털이 쭈볏 서다"
hem,둘러대다; 제한하다
articulate,말을 유창하고 조리 있게 하는
remunerate,"보답하다, 보수를 지불하다"
delectable ,"맛있는; 매우 아름다운, 매력적인"
adulterate,"불순물을 섞다,(불순물을 섞어)순도/품질을 떨어뜨리다"
bungalow,벙갈로
residual,나머지의
boor,무례한 사람
topsy-turvy,"거꾸로, 머리를 아래로; 뒤죽박죽"
vault,은행금고
log,여행의 기록;운항일지
barren,"열매 맺지 않는,수확이 없는"
deplete,고갈시키다
confine,"제한하다, 가두다"
melodious,듣기 좋은
impressionable,(비판력 부족으로) 쉽게 영향을 받는; 감수성이 예민한
doctrine,"정설, 원칙"
drench,흠뻑 적시다
inflexible,마음을 바꾸지 않는; 융통성이 없는; 휘지않는
fluvial,강(江)의
excerpt,"발췌, 초록, 인용구; 발췌하다,초록하다,인용하다"
batch,"(과자) 한번 구워내는 양, 한다발, 한무리"
demystify,명확하게 설명하다
audacious,"대담한,호기로운,무모한"
primeval,원시시대의
appeal,"상소,항고"
metaphoric(al),"은유의, 은유적인"
truncate,길이를 줄이다
imperceptible,"지각/감지할 수 없는, 미세한, 경미한"
encumber,"짐 지우다;막다, 방해하다"
affront,(면전에서) 모욕(하다)
antidote,해독제
meteoric,유성같이 빠른
repugnance,"싫어하기, 반감, 적대감; 일관성없음"
downplay,"얕보다, 중시하지 않다"
punctilious,"세심한, 꼼꼼한"
doggerel,엉터리 시
voracious,"식욕이 왕성한,게걸스러운"
blatant,"뻔한, 몹시 떠들썩한; 야단 법석의"
affectation,"가장,꾸미는 태도,허세 부림"
indefatigable,지치지 않는
plaudit,"박수, 갈채, 찬양"
broaden,"확장시키다, 확장되다"
kudos,"영광, 명성; 찬양"
nitpick,트집잡다
pep,"활기,원기,활력"
terse,간결한
safeguard,"보호수단, 보호"
precedent,선례
stable,"흔들리지 않는, 안정된"
schism,"(교회) 분열, 분파"
quandary,"난처함, 궁지"
modicum,소량
pariah,"사회적으로 경멸 받고 따돌림 당하는 사람,추방자"
cosmetic,"피상적인, 표면적인"
soundproof,방음의
inept,서투른
negligent,태만한;적절한 주의를 기울이지 못하는
propagate,"번식/증식 시키다, 보급하다, 전파하다"
scant,"적은, 불충분한; (공급, 수량) 줄이다"
mindful,"인식하는, 알고 있는"
advocate,"지지하다,옹호하다"
calibrate,"눈금을 매기다, 눈금을 정확히 조정하다"
nervy,"건방진,뻔뻔스런"
derogate,"비하하다, 격하시키다"
aghast,"아연한, 대경실색한"
flimsy,"부서기기 쉬운, 무른, 약한; (주장)설득력이 없는"
tumultuous,요동하는
exultant,뛸 뜻이 기뻐하는
shirk,회피하다; 회피하는 사람
myriad,"수많은,다수"
engrossed,몰두한
fetter,"족쇄를 채우다, 구속하다"
speculative,추측에 의한
genteel,"품위있는, 우아한, 점잔빼는"
corporeal,"육체적인, 물질적인"
discompose,"마음을 불안케 하다, 마음의 평정을 빼앗다"
displeasant,불쾌감을 주는
intricate,"복잡한, 얽힌"
gravelly,"자갈 같은, 자갈소리가나는, 귀에 거슬리는"
abandon,"(감정,충동에) 사로잡히다; 방종"
rectitude,"(행동)정의로움, 옮음, 정직"
bane,고통의 근원;맹독
porous,"다공성의, (기체, 액체) 쉽게 통과하는; 침투하기 쉬운"
distract,집중하지 못하게 하다
bustle,"활기, 붐빔, 소란스러움; 활기차게 돌아다니다, 부산스럽게 돌아다니다"
gossamer,"매우 얇은, 섬세한"
histrionic,"배우의, 연기의; 지나치게 감정적인"
gibe,조롱(하다)
obeisant,정중한
agog,"(~하고 싶어) 못 견디는,흥분한"
adumbrate,"어렴풋이 예시하다,희미한 모습을 그리다"
harass,괴롭히다
alienate,"멀리하다,사귀지 않다,소외시키다;양도하다"
coddle,"관대하게 하다, 너그럽게 대하다"
interpose,삽입시키다; 양자 사이에 개입하다
inconclusive,결정적이지 않은
frothy,"거품같은; (태도, 내용) 가벼운, 경박한"
celerity,신속함
undeserved,"당연하지 않은, 정당하지 않은"
dismay,"쩔쩔매게 하다, 용기(열정)를 잃게하다; 놀라게 하다"
squeamish,비위가 약한
green,"경험이 없는, 미숙한, 초목이 우거진"
stench,악취
nonconformity,"(표준,전통,규칙,법률 등)따르지 않음,불순응,불일치"
filch,훔치다
caustic,신랄한
everyday,일상적인
pristine,"원래 그대로의, 오염되지 않은, 깨끗한"
lag,"꾸물거리다, 처지다"
mendacious,거짓말하는
creep,"살금살금 걷다, 기다; 기기"
copious,"풍부한, 많은"
refulgent,"밝게 빛나는, 환희 빛나는"
turbulent,무질서하고 혼란스러운
foment,"선동하다, 자극하다"
flux,"흐름, 끝없는 변동"
bedlam,"소란스러운 곳; 대소동, 혼란"
deification,"신성화, 신격화"
imperious,"오만한, 고압적인"
rococo,"매우 화려한, 꾸밈이 많은"
exemplar,"전형, 모범"
abstemious,"(음식,음주) 삼가는,절제하는"
miscellaneous,갖가지 잡다한;잡동사니의
digit,손가락 또는 발가락
carouse,흥청대며 마시다
sham,"가짜의, 모조의; 모조품, 가짜"
hermitage,은둔장소; 세상과 분리되어 살 수 있는 곳
sidereal,"별의, 항성의"
irrelevant,관련 없는
tremulous,"(손발)떨리는; 겁 많은, 소심한"
width,폭
impassive,"무정한, 비정한, 무표정한"
rein,"억제하다, 멈추다"
parsimonious,인색한
quiescence,"활동 없음, 조용"
mettle,"용기, 원기, 기개"
lessen,"줄이다, 줄어들다"
sanctum,"신성한 장소, 성소; (간접이 없는) 사실(私室)"
wane,"작아지다,약해지다,달이 기울다"
dissect,(표본)해부하다
tear,"찢다, 분리하다; 화급하게 움직이다, 돌진하다"
fatigue,극도의 피로
hardy,"튼튼한, 억센, 대담한, 용감한"
immoderate,"절도를 잃은, 과도한, 극단적인"
slant,"기울다, 기울어지게 하다; 왜곡하다, 편향된 시각을 보여주다"
laconic,"간결한, 과묵한, 무뚝뚝한"
disparate,본직적으로 다른
provident,미래를 대비하여 신중한; 검소한
malaise,"초조, 불안, 불편, 불쾌"
fallacy,"잘못된 생각, 그릇된 논리, 궤변"
gibberish,"이해할 수 없는 헛소리, 너무 전문적이어서 난해한 말, 쓸데없이 허황되고 모호한 말"
anomalous,"변칙적인,비정상의,특이한 "
perfunctory,성의 없이 되어진
feckless,"무기력한, 무책임한"
puny,작고 약한
pantry,"(식료품,식기) 보관실"
cascade,"폭포처럼 떨어지다, 작은 폭포"
epitomize,요약하다; 완벽한 예가 된다
peep,"(새 새끼,쥐)짧고,부드럽고,높은 음(을 내다)"
banister,(계단 옆)난간
ire,"화, 분노; 화나게 하다"
stopgap,임시변통
ditch,"수로, 도랑, 배수구"
facet,"사물의 한 면상, 특성; (보석 등) 마면, 평면"
perforate,구멍 뚫다
rambunctious,"떠들석한, 사납게 날뛰는"
abash,"당황하게 하다, 부끄럽게 하다"
garble,"왜곡하다, 혼동하다"
interloper,"남의 일에 참견하는 사람; (남의 영역, 상황, 활동에) 끼어드는 사람"
enervate,약화시키다
tincture,염료
wary,"조심하는, 주의하는"
berate,호되게 꾸짖다
transitory,"영원하지 않은, 일시적인"
exalt,"칭송하다, 높이다; 고상하게 하다"
uncanny,"신비, 이상한 보통 아닌"
nascent,지금 막 생겨난
despondent,"낙심한, 풀죽은"
nice,"철저한,꼼꼼한,정확한"
demolish,파괴하다
benediction,"축복, 축도"
discretionary,재량껏 할 수 있는
taunt,"자극하다,조롱하다"
consuming,(느낌) 절실히 느껴지는
convoluted,"복잡한, 난해한"
amorphous,"(형태,정의가) 불명확한"
therapeutic,치유하는
obstinate,"완고한,완강한"
dissemble,가장하다
cistern,물탱크
reluctant,내키지 않는
unorthodox,이단적인
impudent,"무례한, 불손한, 건방진"
jejune,"순진한, 피상적인; 재미없는"
insentient,"무감각한, 비정한, 생명 없는"
convivial,"연회를 좋아하는, 명랑한, 우호적인"
dissent,"의견을 달리하다, 동의하지 않다"
unassailable,"공격할 수 없는, 논박할 수 없는"
debase,"(질, 가치) 저하시키다."
hoist,들어올리다
budge,살짝 움직이다; 의견을 바꾸다
tempsetuous,폭풍우치는; 격정적인
encomiast,칭송하는 자
subterfuge,"핑계, 구설, 속임수"
encomium,"찬사, 칭찬하는 말"
aversion,혐오감
concise,간략한
integrity,"정직, 청렴; 흠없는 상태, 보전"
firm,"(태도, 마음) 확고한, 굳은"
disjunctive,"연관성이 결여된, 분리하는, 분리성의"
callow,"미성숙한, 경험이 없는"
reptile,파충류
anathema,"저주, 증오; (가톨릭) 파문, 이단배척"
err,틀리다; 실수하다
scrutiny,정밀조사
fustian,과장되고 허풍 떠는 (말이나 글)
indigent,"궁핍한, (생필품) 결핍된"
elaborate,"복잡한, 정교한"
elliptical,"생략적인;(의미)지나치게 생략된, 모호한"
slake,"갈증을 해소하다, 만족시키다"
query,질문하다
imbue,(생각)주입시키다; 스며들게 하다; (색깔)물들이다
deluge,"큰물, 대홍수"
gratify,만족시키다
dodder,"(나이 들어서)비틀거리다, 비틀거리며 걷다"
latent,잠재성의
brevity,간결함
wit,재치;지혜가 있는 사람
robust,"건강한, 건장한"
absurd,"비상식적인, 터무니없는"
profuse,"많은, 풍부한; 낭비하는"
lettered,"박식한, 교육받은"
demoralize,사기를 꺾다
pan,심하게 비난하다
cement ,"시멘트로 결합시키다, 접합시키다"
painstaking,"애쓰는,수고를 아끼지 않는,면밀한,철저한"
measly,(양)아주 조금인
piety,경건함
exude,"스며 나오게 하다, 발산시키다"
moroseness,시무룩하고 언짢은 상태
stalwart,"충성된, 튼튼한, 건장한; 충성된 사람, 튼튼한/건장한 사람"
peel ,껍질
preen,"치장하다, 자기만족을 드러내다"
blanket,"담요로 덮다, 전면을 덮다"
serration,톱니모양
mutate,"변화하다,변화시키다"
pacify,"달래다,진정시키다"
libertine,난봉꾼
gaffe,"(사교상)실수, 결례"
smother,"(덮어서) 질식시키다, 불을 끄다; (감정, 행동) 억제하다"
temporary,"중간의, 잠시의"
promulgate,"공표하다, 선전하다"
penurious,몹시 가난한;인색한
plumb,면밀히 조사하다
eponymous,-의 이름을 딴
sneer,"비웃다, 조롱하다, 조소하다"
watt,전력의 단위
endow,"기부하다;주다, 부여하다"
hoary,"백발의, 나이든; 오래된, 진부한"
craven,비겁한; 비겁한 사람
soak,흠뻑적시다
hankering,"갈망하는, 갈망"
slacken,"느슨하게 만들다, 느슨해지다"
playbill,(배역이 소개된) 연극프로그램
synopsis,"요약, 개요"
saga,"무용담, 영웅이야기"
unwitting,"무의식적인, 고의적이 아닌"
mundane,"평범한,흔한;세속적인"
cagey,신중한
carpentry,목수일
groundless,근거 없는
proficient,"능란한, 솜씨좋은"
dapper,말끔한
underhanded,"정당하지 못한, 은밀한, 불공정한"
sequential,순차적인
idiosyncrasy,특유의 성질
bedecked,"치장된, 장식된"
incomprehensible,이해할 수 없는
thwart,"막다, 좌절시키다"
parse,문장을 분석하다
domineering,"오만한, 폭군적인"
tantamount,"비슷한, 동등한"
raconteur,이야기를 재미있게 잘하는 사람
flounder,"간신히 나아가다, 버둥거리다, 몸부림치다"
stringent,"엄격한, 엄한"
rigid,"휘지 않는, 융통성 없는"
vouchsafe,"하사하다,(아랫사람에게)주다"
crestfallen,풀 죽은
fabricate,"만들어내다, 꾸며내다; 제조하다, 조립하다"
prudent,(미래를 대비해서) 신중한
intractable,"유순하지 않는, 다루기 힘든, 고집 센"
tongue-tied,(당황하여)말문이 막힌
disposition,기질
accrete,점진적으로 증가하다
gall,화나게 하다
malevolent,"악의적인, 사악한"
befitting,"안성맞춤의, 적합한"
equitable,"공정한, 공평한"
meddle,참견하다
pomp,"장환, 화려; 위엄의 과시, 거만한 행동"
vital,매우 중요한; 활기 넘치는
squash,"진압하다, 억압하다"
barb,신랄한 비난
negotiate,협상하다
plaza,"광장, 시장"
shackle,족쇄를 채우다
piquant,"자극적이고 맛있는;(분위기,태도) 자극적 이로 적극적인"
jaundice,편파적으로 대하다
efface,"삭제하다, 지워 없애다;눈에 띄지 않게 행동하다"
qualify,"(예외를 두어서) 제한하다, 한정하다"
polemical,논쟁을 일으키는
skirt,"가장자리에 있다, 인색하게 굴다"
like-minded,취향이나 의견이 비슷한
absorb,흡수하다
swill,벌컥벌컥 마시다; 물을 넘치게 붓다
versemonger,진부한 시를 쓰는 시인
phlegmatic,"점액질의,침착한;무감정의,느린"
camaraderie,"우정, 동지애"
denouement,대단원
yielding,고분고분한
slipshod,"칠칠치 못한, 대충하는; 단정하지 못한, 닳아빠진 옷이나 신발을 신은"
concerted,협동/협의에 의한
retinue,수행원단
denseness,조밀함
tame,"길들여진; 길들이다, 무기력하게 만들다"
importune,성가시게 졸라대다
finch,되새류과의 새
aggrieve,"괴롭히다,고통을 주다"
hover,(한군데서)배회하다; (공중에)떠있다
recant,(주장)철회하다;(믿음)부정하다
jittery,"신경질적인, 초조해하는"
friable,쉽게 부서지는
duplicity,"속이는 행위, 표리부동"
undeterred,"풀 죽지 않은, 단념하지 않은"
tender,"제공하다, 입찰하다"
fretful,"안달하는, 초조해하는, 화내는, 언짢아하는"
whimsical,변덕스런
qualm,"불안, 걱정, 불편한 마음; 양심의 가책"
offbeat,색다른
mite,"작은 동물, 어린이; 작지만 정성어린 기부금"
pulchritude,아름다움
accost,"다가가서 (당돌하게,공격적으로) 말 걸다"
catalyze,"촉매작용하다, 촉진시키다"
saturated,"흠뻑 젖은, 포화상태의"
placate,달래다
discordant,"불협화음의, 조화를 이루지 못하는"
unscrupulous,"비양심의, 정직하지 않은, 공정하지 안은"
squabble,사소한 말다툼
lug,(짐)힘들여 끌다
seemly,"예절을 지키는, (행동) 적절한"
celebration,"찬양,칭송,축하; 축하행사, 축하회"
amenable,"잘 따르는,순종적인"
denude,벌거벗기다
obvious,명백한
epilogue,"끝맺음말, 에필로그"
reminisce,회상하다
scheme,"음모,모의;음모를 꾸미다"
maudlin,"지나치게 감상적인, 취하면 우는"
immure,"감금하다, 가두다"
cackle,"(닭, 오리)꼬꼬댁 울다; 낄낄대며 웃다, 목소리 찢어지게 웃다"
preference,"애호, 좋아함"
unsubstantial,"현실적이지 않은, 실체가 없는; 허약한"
slump,침체기에 빠지다
rampant,"(나쁜 것, 불쾌한 것) 만연하는, 횡행하는; (사람, 행동) 사나운, 미쳐 날뛰는"
gruff,"퉁명스런, (목소리)거친, 쉰"
obstructionist,(입법행위)의사방해자
curmudgeon,심술궂은 사람
atrocious,"극악무도한,아주 나쁜,매우 잔인한"
insular,"섬의, 고립된, 편협한"
sally,"반격,돌격(하다)"
spate,많은 양
limerick,5행 희시
fir,전나무
tacit,암묵적인
excoriate,심하게 비난하다
ballast,배의 무게중심
placebo,위약
drivel,허튼 소리
commonplace,"진부한, 진부한 문구"
numberless,셀 수 없이 많은
regression,"회귀, 복귀"
mulish,고집스런
flagrant,"극악한, 악명 높은"
synchronous,동시발생의
sycophant,아첨꾼
oscillate,"진동하다,주저하다,흔들리다"
parody,"패러디,풍자적 모방(희화화)"
bark,나무껍질
terrify,극독의 두려움을 느끼게 하다
culpable,"과실이 있는, 비난 받을만한"
tranquility,"고요, 평안"
vulgar,저속한
raucous,"(소리) 거슬리는, 불쾌한"
ham-handed,"서투른,실수하는"
eulogy,"칭송, 찬양, 송덕문"
trail,(흔적을)따라가다
onerous,"힘든,성가신,귀찮은"
lapse,"일시적인 쇠퇴, 일탈; 잘못, 과실; (시간의) 경과, 기간"
scuff,(딱딱한 것에 긁혀) 흠을 내다
harbor,"피난처를 제공하다, 숨겨주다"
applaud,박수갈채를 보내다
ostracize,추방하다
touchy,지나치게 민감하게 구는
script,"(연극, 영화) 대본"
inimical,"해로운, 적대적인"
sagacious,"현명한, 기민한"
taciturn,과묵한
quagmire,"진흙탕; 어렵고 복잡한 상황, 궁지, 수렁"
stoic,고통을 참고 내색하지 않는; 감정을 드러내지 않는
sacrilegious,신성을 더럽히는
glee,큰 기쁨
frill,"허식, 장식"
paramount,"가장 중요한,최고의"
impregnable,난공불락의
eliminate,제거하다
self-abasement,자기비하
skulk,살금살금 움직이다
demur,반대하다; 주저하기
adulate,심하게 아부하다
desultory,"계획 없는, 목적 없는"
liken,"비유하다, 비견하다"
starry-eyed,"순진하게 열정적이고 이상적인; 비현실적인, 이상적인"
journal,"일기, 일지; 신문, 잡지"
accede,동의하다
sophomoric,아는 척하지만 아직 미성숙한
nullify,무효화하다
sumptuous,"호화로운, 사치스러운, 비싸보이는"
typo,오타
tepid,"미지근한, 열정이 거의 없는"
connive,공모하다
ford,"(강) 얖은 곳, 여울"
immune,면역의; 면제된
priggish,지나치게 꼼꼼하고 도덕군자인 척하는 
tenable,"(반대,공격)방어할 수 있는, 견뎌내는"
symbiosis,공생
freckle,"주근깨, 기미"
emanate,발산하다
ballad,"담시,노래"
indemonstrable,증명할 수 없는
compendious,"요점을 잘 잡은, 간결한"
unequivocal,"애매하지 않은, 명확한"
parry,공격을 피하다;대답을 회피하다
stasis,"정지상태, 균형상태"
translucent,"반투명인; 명쾌한; 맑은, 투명한"
deterrence,단념시키는 것
ductile,"순종적인;(금속)두드려 변형시킬 수 있는, 가소성의"
deterministic,"결정론의, 결정론적인"
abate,"(정도,세기,수량 등) 줄이다,감소시키다"
lariat,"(가축을 말뚝에 매는) 밧줄, 올가미"
semblance,"유사, 비슷한 것"
unseemly,(행동)적절하지 않은
unencumbered,"방해받지 않은, 방해가 되는 것을 가지지 않은"
mind,꺼리다;복종하다
travail,"힘들게 일하다, 수고하다"
tangible,"만질 수 있는, 현실적인, 구체적인"
imprudent,"신중하지 못한, 경솔한, 무분별한"
inedible,먹을 수 없는
fragrant,향기로운
attenuate,"가늘게 하다,약화시키다"
musician,음악가;악기연주자
elementary,"초보적인,유치한; 단순한"
sequent,"추후의, 나중의"
prominence,"명성, 중요함"
wasp,성미가 급하고 화 잘 내는 사람
upbraid,"(몹시) 나무라다, 비난하다"
solvent,"지급 능력이 있는; 녹이는, 용해력있는"
capricious,변덕스러운
caretaker,임시로 직무를 맡은; 임시로 직무를 맡은 사람
perpetual,영원한
"tendencious or
 tendentious",편향적인
ribald,"무례한, 음담패설을 해대는"
bubble,"엉터리짓하다, 비틀거리다"
infiltrate,잠입하다
telling,"효과적인, 의미 있는, 설득력 있는"
plot,"음모; (극, 이야기) 구성, 플롯"
hallucination,환각
rife,"가득한, 퍼져있는, 유행하는"
adherent,"지지자,추종자"
reproof,"질책, 비난"
impermeable,불침투성의
revel,"매우 기뻐하다, 즐거워하다, 마시고 흥청거리다"
valorous,용감한
warrant,정식으로 인가하다;정당화하다
maladroit,"솜씨 없는, 서투른"
distend,부풀게 하다
extol,극찬하다
frenetic,"광란의, 지나치게 열광적인"
enraptured,기뻐서 어쩔 줄 모르는
dose,일회복용량
harmony,"화음, 조화"
terrestrial,"지구의, 세속적인, 땅의"
resurgence,"소생, 부활, 되살아남"
pretentious,"허세부리는, 과시하는"
disinfect,살균 소독하다
camouflage,"위장, 속임"
probity,"정직, 청렴"
ignominy,"불명예, 치욕, 굴욕"
perceive,"인식하다,이해하다"
ineluctable,피할 수 없는
demography,"인구학, 인구구성"
unbuttoned,단추가 풀린
betray,"배신하다, 배반하다; 은연중에 드러내다"
amalgamate,"혼합시키다,융합시키다"
consolidate,"굳건하게 하다, 합병하다"
indict,기소하다
nadir,"천저,밑바닥,절망상태"
exponent,지지자
interminable,끝없는
imminent,임박한
adamant,단호한
mediate,"(평화,협정)성립시키다, (논쟁,쟁의)조정하다, 중재하다"
fatuous,"어리석은, 바보 같은"
vagabond,방랑하는; 방랑자
hamstring,"무력화하다,좌절시키다,다리를 절게하다"
stricture,비난; (행동)제약
trial,"(사실,법률 문제의)심리, 재판, 공판(절차)"
melancholy,"우울한,울적한;우울,침울"
focus,중심으로 모이다
credible,믿을만한
submissive,"순종하는, 순응하는"
escalate,"증대시키다, 고조되다"
infecund,"생산성이 없는, 아이를 낳을 수 없는"
patronize,"후원하다;우월하게 행동하다,생색내다"
gaudy,"(옷,장식)지나치게 화려한, 야한"
erratic,"변덕스런, 일정하지 않은;비정상적인"
misfortune,불운;불행한 일
debut,"(경력의)처음시작, 데뷔"
measured,정확히 측정한;신중한
lachrymose,눈물이 가득한; 눈물 나게 하는
polarity,양극성
curtail,"단축하다, 줄이다;(비용) 절감하다"
barefaced,뻔뻔스런;숨김없는
toil,"애쓰다, 열심히 일하다"
buttress,"부벽; 지지자, 후원; 지탱하다"
retaliate,"(같은 수단으로)보복하다, 복수하다, 앙갚음하다"
equivocate,애매하게 둘러대다
convoke,소집하다
observable,"관찰할 수 있는,주목할 만한"
inscrutable,"불가사의한, 난해한"
foe,"적, 원수"
demure,"얌전한, 조신한"
rapport,"(관계) 조화로움, 친근함"
formidable,"겁먹게 하는, 위협적인, 경외감을 갖게 하는"
sacrosanct,신성불가침의
agonize,"(심적으로) 괴로워하다,번민하다;괴롭히다"
ingrained,"(기질, 습관) 뿌리깊은, 깊이 박힌"
furrow,"홈을 파다; 골, 밭고랑"
doze,선잠 들다
unintelligible,이해할 수 없는
rescind,"폐지, 폐기, 철회하다"
brazen,"파렴치한, 철면피의"
intriguing,"호기심을 자아내는, 재미를 자아내는; 매력적인"
mercurial,변덕스런
alloy,"합금하다,혼합하다"
tinge,물들이다
antithetical ,"대조법의,정반대의"
forage,(식량) 찾아 헤매다
unabashed,"당황하지 않은, 부끄럼없는"
spontaneous,사전계획 없이 행해진; 충동/즉흥/자발적으로 움직이는
irk,짜증나게 하다; 화나게 하다
stolid,"둔감한, 무감한"
overbearing,"횡포한,고압적인,거만한;압도적인"
aphid,진딧물
ream,"연(종이의 거래단위), 종이체적단위"
decorum,"단정함, 예의 바름"
dislocate,"(관절)탈구시키다;위치를 바꾸다,뒤죽박죽으로 만들다, 교란시키다"
implicit,"암시된, 암묵적인"
limelight,주목을 받게 하다
happy,행복한
cajole,감언으로 꼬셔서~하게 하다
frenzy,"광란, 열광"
provoke,자극하다; 화나게 하다
intangible,"만질 수 없는, 비물질적인"
convene,소집하다
correlate,상관관계에 있다; 서로 연관시키다
aphorism,"금언,격언"
facile,"피상적인; 손쉬운, 용이한"
vaunt,"심하게 자랑하다, 뽐내다"
cower,두려워 움츠리다
unpropitious,"불길한, 불리한"
fast,"확고한, 고정된; 금식하다; 금식"
ascendancy,"영향력,우세함"
draconian,"가혹한, 아주 엄격한"
condolence,"위로, 조의"
augment,증가/증대시키다;증가하다
peaceableness,"온건함,평화로움"
adroit,"솜씨 좋은,능숙한"
crest,닭볏:(산 파도 등의) 최정상
circumvent,피하다
transparent,"투명한; 이해하기 쉬운, 명쾌한; 속이지 않는, (운영,경영)투명한"
competence,"능력, 재능"
berth,"(배, 열차) 침대,침상"
serene,"고요한, 평온한"
zest,"기분 좋은 맛,자극,흥미,관심"
dither,"마음이 오락가락하다, 불안, 초조"
vicarious,"대리의, 대행의"
lionize,"명사로 대접해주다, 치켜세우다"
retreat,"(군대) 후퇴하다, 철수하다; 철회하다"
threadbare,옷이 해어지고 낡은; 진부한
maculate,"반점이 있는, 더러워진;반점을 찍다, 더럽히다"
wax,"커지다,강해지다"
inconsiderable,"(양)적은,(크기)작은; 사소한"
reconnoiter,정찰활동을 하다;정보를 얻기 위하여 사전조사를 하다
tantrum,"역정, 울화"
raffish,"저속한, 저급한, 자유분방한"
mirth,"환희, 유쾌함, 웃음"
rakish,"방탕아의; 멋진, 경쾌한, 세련된"
irrefutable,논박할 수 없는
pedagogue,선생님;교육자
renounce,"공식적으로 포기하다, 철회하다, 거부하다"
abrade,마모시키다
unassuming,"겸손한, 허세부리지 않는"
permanent,"영구적인,불변하는"
covert,"숨겨진, 비밀의, 은연중의"
incriminate,"죄를 씌우다, 고소하다"
adorn,장식하다
assuage,"달래다,만족시키다"
invigorate,"기운나게하다, 격려하다"
mask,"가면;숨기다, 가리다"
luxurious,사치스런;호사스런
adhesive,"접착성의,끈적끈적한"
endorse,"승인하다, 지지하다, 보증하다, 배서하다"
circumspect,"신중한, 주의 깊은, 깊이 생각하는, 용의주도한"
transportation,운송
ambiguous,"여러가지로 해석가능한, 모호한"
audit,"(회계,장부)감사/검사하다"
dissonance,불협화음
sophisticated,"세련된; 순진하지 않은, 세상 물정에 익숙한; 정교한"
circumscribe,제한하다
macerate,"(물이나 용액으로)부드럽게 하다, 불리다, 분해하다"
carnal,육체적인
insurgent,"반란을 일으킨 사람, 반군, 폭도"
personable,"잘생긴, 매력적인"
reactant,반응하는 물질
convulsion,"경련, 경기"
clarion,(소리가) 크고 명료한
realized,현실화된
incursion,침입
apocalyptic,"궁극적인,결정적인,매우 중요한;종말론적인 파괴를 예언하는, 끔찍한"
bulge,"돌출, 불룩함"
fixed,"고정된; 견고한, 확고한"
ash,재
conundrum,"난제, 수수께끼"
confluence,"합류, 집합, 모임"
retainer,수행원
cliché,진부한 표현
paranoid,"편집증의, 지나치게 남을 의심하는"
brook,(반대의견) 참고 받아들이다
coronation,대관식
radical,근본적인; 급진적인
usurp,권력을 불법적으로 찬탈하다
hybrid,잡종의
insensitive,"(타인에 대해)민감하지 않은, 무신경한"
generic,일반적인
exhaust,기진맥진하게 하다
smash,"갑작스럽고 시끄럽게 박살내다, 파괴하다; 격렬하게 충돌하다"
kindred,"동종의, 관련된"
execrate,"혐오하다, 비난하다"
inattentive,"무관심한, 부주의한, 배려하지 않는"
elusive,"(이해, 정의) 힘든, 피하는, 잡히지 않는"
incendiary,방화범; 선동가
revile,비난하다
flannel,"플란넬, 무명, 면포"
crust,빵 껍질
zone,지역을 분할하다
palatable,맛있는
hermetic,"고립된, 외부와 차단된; 난해한"
stray,(있어야할 곳을 벗어나)헤매다
elective,선출의;선출권이 있는;선택적인
husband,"아껴 쓰다, 절약하다"
clairvoyant,"천리안이 있는, 통찰력이 있는"
reprehensible,비난 받아 마땅한
striate,홈을 파다
deceleration,감속
noisome,"불쾌한,해로운,악취가 나는"
proofread,교정하다
impenitent,뉘우치지 않는
saturnine,"침울한, 우울한"
perspicuous,"명확한,명료한"
fastidious,"꼼꼼한, 까다로운"
lithe,"유연한, 우아한"
arrogance,오만함
serendipity,운수 좋은 뜻밖의 발견(물)
diagnose,진단하다
illegible,"읽을 수 없는, 해독 불가한"
quarry,채석장; 채굴하다; 오랜 탐구를 통해 찾아내다
umpire,"(스포츠)주심, 심판"
defame,명예를 훼손하다
geyser,간헐천
vacuum,물질의 부재(의); 물질이 없는 공간; 진공상태(의)
appraise,"감정하다, 가치를 평가하다"
decrepit,나이 들어 쇠약해진; 오래되어 못쓰게 된
diabolic,악마 같은
stimulant,"자극제, 흥분제"
ostentatious,"자랑/과시하는,허세부리는"
euphemism,완곡어법
answerable,"책임져야 하는,책임이 있는"
exodus,대 탈출
obsolete,"구식의,못쓰게 된"
keen,"열렬한, 예리한, 날카로운"
avarice,탐욕
verbiage,(지나치게 기술용어를 사용해서)장황함
manifest,"뚜렷한, 명백한"
spartan,"엄격한, 간소한, 사치부리지 않는"
ennui,권태
preservative,방부제
exemption,면제
mire,"습지, 늪;곤경;(어려운 상황에)얽히게 하다"
ungainly,"(외모, 행동, 솜씨 등) 서툴고 어색한"
portentous,"심각한, 중요한, 불길한, 놀라운"
slur,"중상하다, 비방하다"
babble,재잘거리다;옹알거리다
superfluous,"잉여의, 불필요한"
muffle,소음(消音)시키다
wistful,"갈망하는,탐내는 듯한;생각에 잠긴,슬픈"
inanimate,살아있지 않은 생명이 없는
stentorian,"(소리) 우렁찬, 울리는"
aberrant,"정도를 벗어난,비정상의,변종의"
nurture,"양육하다,돌보다"
unflappable,침착한
dashing,"화려한, 멋진, 세련된"
effusive,"(감정표현이) 야단스런, 지나친"
postulate,가정하다; 당연한 것으로 여기다
implant,"심다, 이식하다, 박다, 주입하다"
frivolous,"(태도가) 가벼운, 경박한; 하찮은"
apparel,"의류, 옷"
fealty,(영주에 대한) 충성
blight,"고사시키다, 해를 입히다"
giddy,"경솔한, 진지하지 못한; 현기증 나는"
temper,"누그러뜨리다, 완화시키다"
inane,"무의미한, 어리석은"
reliable,믿을만한
languor,"쇠약; 무기력, 권태; 무관심"
remorseless,"(행동) 가혹한, 무자비한, 뉘우치지않는 "
flourish,번성하다
burlesque,풍자극
haven,항구; 피난처
drain,"서서히 배출하다, 물기 없애다"
improvident,미래를 대비하지 않는; 낭비하는
uninformative,정보를 주지 않는
veracity,"진실성, 정확성"
gargoyle,"사람,동물의 형상을 한 괴물의 조각"
sedulous,"근면 성실한, 주의 깊고 부지런한"
amble,천천히 걷다
undignified,"위엄없는, 품위없는"
imply,암시하다
investigate,조사하다
mitigate,완화시키다
sanction,"허가하다, 승인하다"
impel,"강요하다, 강제하다"
bungle,"어설픈짓하다, 실수하다"
premeditated,"미리 생각한, 계획된"
notoriety,(악명으로)유명함
diffident,"자신 없는, 기가 죽은, 수줍어하는"
subjugate,"굴복시키다, 지배하다"
glib,"(깊이 없이)말만 유창한, 입심 좋은"
seethe,(마음속이) 분노로 부글부글 끓다; 분노로 끓어오르는 상태
equivocal,애매한
moment,중요성
pester,"괴롭히다, 조르다"
tasty,"맛있는; 매력적인, 재미있는"
confident,확신하는
colleague,동료
ponder,심사 숙고하다
proscribe,법으로 금지하다
countenance,"찬성하다, 지지하다, 용인하다, 참다"
verve,힘과 열정
embolden,대담하게 하다
comprehend,"이해하다; 내포하다,포함하다"
misdemean,나쁜 행동을 하다
circuity,"우회, 돌아가기"
feasible,실행 가능한
voluptuous,"사치스런, 향락적인, 관능적인"
prosaic,진부한; 산문형식의
lament,"한탄하다, 애통해하다"
strident,"(소리가) 불쾌한, 귀에 거슬리는, 삐걱거리는"
stanch,흐름을 막다
covetous,"탐내는, 갈망하는"
thorny,"가시가 많은; 어려운, 곤란한"
moderate,"적절하게 하다, 완화시키다"
balm,"향유,(피부,마음)진정제"
rave,횡설수설 말하다; 극찬하다
indelible,"지울 수 없는, 제거 할 수 없는"
commodious,"넓은, 널찍한"
headstrong,고집센
slouch,구부정하게 서있다/걷다
intermittent,"때때로, 가끔 발생하는"
dilute,"묽게 하다, 약화시키다"
credulous,"잘 믿는, 잘 속는"
willful,"고집불통의,고의적인"
deficiency,부족; 결점
vacuous,"생각이 없는, 어리석은"
insipid,"맛없는; 재미없는, 생기없는, 지루한"
incoherent,(말 글)조리가 없는
antic,"익살스러운,장난끼 있는"
nebulous,"흐린,구름 같은,뚜렷하지 않은"
harebrained,"경솔한, 무모한"
sabotage,"고의적으로 방해하다,파괴하다"
faultfinding,트집잡기
timeless,영원한
busybody,"참견쟁이, 오지랍넓은 사람"
apologist,"변증론자,변론자"
concession,"시인, 양보"
clout,"영향력, 힘"
headlong,"무모한, 성급한"
harrow,"괴롭히다, 못살게 굴다,망치다,침해하다"
larval,"유충의, 유충단계에 있는; 미성숙한"
graft,"접목시키다, 접붙이다"
adjunct,"부가물, 첨가물"
countless,무수히 많은
aerate,통풍시키다
trammel,"얽히게 하다, 방해하다, 막다"
profane,"불경스러운, 세속적인; 거룩하지 않은, 더러운"
earmark,"(자금, 물건 등을)특정용도로 지정하다, 책정하다"
quash,"억제하다, 억누르다"
grill,엄중히 심문하다; 취조하다
irresolution,"주저함, 마음의 불확실"
extenuate,"(죄, 과실) 경감시키다, 가볍게 하다; 야위게 하다"
repulsive,"불쾌감을 주는, 역겨운"
garish,지나치게 화려한
energetic,활력 있는
sluggish,"둔한, 활력 없는"
evict,"퇴거시키다, 내쫓다"
abridge,"요약하다,축약하다"
ferrous,"철의, 철을 함유한"
indispensable,필수불가결의
quixotic,지나치게 이상적인; 비현실적인
overhaul,정밀 점검하다;전면 개보수하다
extraneous,관련 없는
peccadillo,"가벼운죄, 사소한 실수"
quotidian,"일상적인, 매일매일의, 평범한"
charismatic,카리스마 있는
pat,"적절한,능숙한;연습한 것처럼/외운 것처럼 딱 맞는"
congenial,"마음이 맞는, 같은 성질의, 상냥한"
bauble,겉만 번지르르한 싸구려; 시시한 것
admonish,"경고하다,훈계하다"
intimate,"넌지시 알려주다, 암시하다"
perplex,혼란스럽게 하다
volitional,"의지의, 결단력 있는"
venerate,존경하다
fugitive,"덧없는, 금방사라지는"
affected,"인위적인,꾸민"
ponderous,"무거운, 육중한; 지루한"
central,"중심의, 중요한, 필수의"
fickle,변덕스런
rebuff,"퉁명스럽게 거부하다, 거절하다"
sly,"교활한, 간사한, 음흉한"
abject,"(생활,상태,태도,기분) 비참한"
figurine,작은 조각상
protract,(기간)연장하다; (몸)(앞으로)쭉 뻗다
sentient,"감각이 있는, 느낄 수 있는"
sentinel,"경계병, 초보"
arbiter,중재자;판정권자
curb,억제하다
nuance,"미묘한 차이,음영"
waffle,(알맹이 없이) 장황하게 말을 늘어놓다
rhapsodize,열광적으로 이야기하다
accidental,"우연의, 뜻밖의; 불변의"
posture,과장되고 부자연스런 포즈를 취하다
galvanize,전기자극을 주다;자극하다
hull,겉껍질
empathetic,감정이입의
leaning,"기호, 편애"
expansive,"(성격,태도) 개방적인, 너그러운, 대범함"
fortuitous,우연한
vignette,"(영화 등의) 짧은 장면, 짧은 사건"
deleterious,해로운
isthmus,지협; 두 개의 육지를 연결하는 좁고 긴 땅
clandestine,"비밀의, 은밀한"
acme,최정상
unwieldy,다루기 힘든; 성가시고 어려운
irrational,"이성이 없는, 불합리의, 무리한"
prate,재잘재잘 지껄이다
licentious,"음란한, 문란한"
blandish,"아부하는 말로 설득하다, 꼬드기다"
gregarious,사교적인
vise,바이스로 힘껏 죄다
bogus,가짜의
diaphanous,"(천이) 얇은, 비치는; (생각) 확실하지 않은, (가능성) 희박한"
pithy,"간결한;힘찬 명쾌한,뜻이 깊은"
laze,"빈둥거리다, 게으름 피우다"
extemporaneous,"즉흥적인, 계획 없이 이루어진"
injurious,"해로운; 비방하는, 모략하는"
mine,탄광;채굴하다
decipher,해독하다
preclude,"배제하다, 방해하다"
finale,"공연의 마지막, 대미"
dramatic,"극적인, 인상적인"
carefree,"걱정근심 없는, 속편한"
dirge,"만가, 비가"
enfranchise,투표권을 주다;자유롭게 해주다
uncouth,"(사람, 행동) 무례한, 거친; (외모) 세련되지 못한, 꼴사나운"
gait,걸음걸이
havoc,"대파괴, 황폐, 대혼란"
harbinger,예언자;전조
mutability,변화성
indefeasible,무효화 할 수 없는
ascendant,"상승하는,올라가는;(힘과 영향력)"
diatribe,"통렬한 비난, 혹평"
paucity,"소량,결핍,부족"
flamboyant,"눈부신, 화려한, 현란한"
bromide,진부하고 상투적인 말
scoff,조롱하다
succinct,간결한
discreditable,"불명예스러운, 비난 받을만한"
attentive,"주의 깊은;상냥한,친절한"
squander,"탕진하다, 낭비하다"
chasten,"훈육하다, (마음을)정화시키다, 겸손하게 하다, 억제하다"
renegade,"배교자,변절자;반역자"
matriculation,"입학, 입학허가"
taxing,"힘든, 고생이 많은"
smattering,피상적인 지식; 적은 양
forbearance,"인내, 자제"
surfeit,과다
blemish,흠; 도덕적 오점
sublime,숭고한
contravene,"위반하다; 모순되다, 반박하다"
egoism,이기주의
elemental,"기본적인, 근본적인"
inconsonant,일치하지 않는 조화되지 않는
crotchety,"화잘내는, 까다로운"
proclivity,"성향, 경향"
vindictive,"복수심이 불타는, 앙심을 품은"
preeminence,"가장 뛰어남, 탁월함"
salute,"(예의 바른)인사, 몸짓, 경례"
disaffect,정떨어지게 하다; 불만을 품게 하다
catholic,"(취향이)폭넓은, 보편적인"
still,"움직임, 소리가 없는"
lode,광맥; 풍부한 원천
solitude,"혼자 있음, 외로움"
peripatetic,"순회하는,돌아다니는"
moribund,다 죽어가는;기력 없는
malleable,(금속)변형이 잘 되는
temerity,"지나친 자신감, 무모함, 뻔뻔함"
invective,"욕설, 모욕적인 말"
boast,자랑하다
filly,어린 암말
amnesia,건망증
malign,(악의적으로)비난하다
regimentation,"조직화, 통제"
inkling,"어렴풋이 알고 있음; 넘지시 비침, 암시"
ingratiate,환심을 사기 위해서 비위를 맞추다
glide,미끄러지듯이 움직이다
benevolent,"자비심 많은, 자선을 행하는"
puddle,작은 웅덩이
debark,(비행기나 선박에서)내리다; (짐을)내리다
crouch,웅크리다
skimp,"아까워하다, 인색하게 굴다"
permissiveness,"관대함,허용적인"
slither,(뱀처럼)스스르 꿈틀거리며 나아가다
prognostication,예언
lean,"마른; 기울어지다, 기대다"
integrate,통합하다
badinage,가벼운 농담
embrace,"포용하다, (생각, 의견)채택하다"
embryonic,미발달의
hobble,절뚝거리다
impeccable,"결함 없는, 완벽한"
madcap,"무모한, 황급한, 미친"
untenable,(논리)방어되지 않는
affidavit,진술서
peck,부리로 쪼다;가볍게 키스하다
recondite,난해한
sybarite,쾌락주의자
lull,"일시적 잠잠함, 잠시 중단, 소강상태;달래다, 어르다, 재우다"
pompous,"(태도, 말) 오만한, 거만한, 과장된"
unhackneyed,진부하지 않은
abound,풍부하다
incorrigible,"고집불통의, 구제불능의"
devitalize,"활력을 빼앗다, 약화시키다"
savory,맛 좋은
dated,"구식의, 오래된"
dicey,"예측할 수 없는, 잠재적으로 위험한"
protuberance,"돌출, 돌기, 융기"
cavalier,"건방진, 거만한"
halting,(말)더듬거리는;막히는
valiant,용기 있는
denounce,공공연히 비난하다; (조약) 폐기를 선언하다
rustic,"전원적인, 시골의"
achromatic,무색의
forthcoming,"다가오는, 임박한; 솔직한"
invincible,"이길 수 없는, 무적의"
marbled,대리석 무늬의
assume,"가정하다;(권력,의무)떠맡다;가장하다"
desecrate,신성을 모독하다
bolster,"지탱하다, 지지하다, 강화하다"
bifurcate,"두 갈래로 가르다, 분기하다"
expository,설명하기 위한
demote,강등시키다
slink,"조용히, 은밀하게 움직이다"
malicious,"악의(적의)있는, 심술궂은"
gust,"(갑자기)획 부는 바람, 돌풍"
luster,광택
audible,(소리) 들리는
gawky,"서투른, 어색한, 얼빠진"
velocity,속도
guffaw,(천한)가가대소;큰소리로(깔깔)웃다
principled,"윤리적인, 규율이 있는"
pallid,(얼굴) 창백한
rancor,"원한, 악의"
depreciate,평가절하하다; (가치) 떨어뜨리다
estrange,(관계) 소원하게 하다
fundamental,근본적인; 매우중요한
suppleness,유연함
refute,논박하다
fathom,헤아리다; 수심을 재다
primordial,"원시의, 태고의, 옛날의"
burly,"건강한, 튼튼한"
verdant,"초목이 무성한; 경험적은, 미숙한"
mordant,신랄한
cavil,트집잡다
decry,공개적으로 비난하다
elucidate,(명확히)설명하다
dross,"녹은 금속의 찌꺼기;납동, 물때;가치 없는 것"
persistence,"고집,집요,지속"
systematic,"체계적인, 계획적이고 조직적인 "
bewitch,"마술 걸다, 매혹시키다"
unprepossessing,"호감주지 못하는, 매력 없는"
impugn,"의심하다,이의를 제기하다,비난하다,공격하다"
adrift,"표류하는, 떠내려가는; 방황하는"
indiscrimination,무분별한 행동; 무차별
expurgate,검열하여 삭제하다
hut,오두막; 임시로 지은 숙소
bully,불량배; 약한 자를 괴롭히는 사람
grassy,"풀이 덮인, 풀이 무성한"
daft,"어리석은, 미친"
friction,마찰
hoarse,"(목소리가)거친, 쉰 소리가 나는"
brackish,짭짤한; 맛이 없는
hidebound,"완고한, 몹시 보수적인"
blurt,"(말을)불쑥 내뱉다, 무심코 말하다"
entrenched,굳어진
isomorphous,동형의
canonize,"권위 있는 것으로 인정하다, 찬양하다"
discern,"알아보다, 이해하다, 분별하다"
bucolic,전원적인
persiflage,"농담,희롱,익살;경박함"
even-handed,공정한
cacophony,불협화음
knotty,매듭으로 가득한; 풀기 어려운
resilience,"탄력, 회복력"
malinger,"꾀병을 부리다, (의무)회피하다"
ephemeral,"일시적인, 덧없는"
hyperbole,"과장된 말, 과장법"
larder,식료품 저장실
abet,부추기다
collude,"결탁, 공모하다"
captivate,매료시키다
ascetic,금욕주의자
titanic,거대한
refuse,쓰레기
burgeon,급성장하다
reproachable,비난할만한
bolt,갑자기 도망치다; 볼트로 연결(고정)시키다; 게걸스럽게 먹다
peripheral,"주변부의,중요하지 않은"
opportune,"(시기, 시간) 적절한"
aggregate,"모으다;결합된,총계의;집단,총계"
poach,끓는 물로 요리하다; 밀렵하다
dally,"시간 낭비하다;가지고 놀다, 희롱하다"
hue,"색깔, 색조"
bellicose,"호전적인, 싸우기 좋아하는"
tether,"(밧줄로) 묶다, 고정시키다"
recapitulate,요약하다
satirical,풍자의
aquatic,"물의,수생의"
turmoil,"소란, 혼란, 불안, 동요"
elastic,탄력 있는
patent,"명백한,눈에 띄는"
fluctuate,변동하다
autonomy,"자율성,자치권,자립"
podium,"연단, 지휘단"
captious,"트집잡는, 반대하는 "
drawl,모음을 늘여서 천천히 말하다
worldly,"세속적인,경험 많고 세상을 잘아는"
knoll ,작은 언덕
withered,"쭈글쭈글한,쇠약한,시든"
impassionate,열정적인
incontestable,"논의의 여지가 없는, 명백한"
filmstrip,영사슬라이드
blush,(당황하여)얼굴을 붉히다
allay,"(두려움,의심,염려) 가라앉히다,(고통) 완화시키다"
accelerate,가속화하다
stagnant,(물이) 흐르지 않고 고여있는
approachable,"친근한,말걸기쉬운"
immaterial,"중요하지 않는, 관련 없는; 영적인"
voluble,"유창한, 말 많은"
facetious,"익살스런, 웃기는; 가벼운"
dash,"돌진하다; 활기, 원기"
scour,(솔과 물로) 북북 문질러 닦다
imbibe,"(술, 물) 마시다, 흡수하다; (지식, 정보) 학습하다"
immemorial,"옛날의, 태곳적의"
buoy,"띄우다, 뜨다; 받치다; 기운을 북돋우다"
crump,오독오독 씹다; 뻥 터지다
fanatic,열성적인
flee,"도망가다; 빠르게 지나가다, 사라지다"
sway,마음이 흔들리다; 마음을 흔들다
infirm,허약한; (마음)불확실한
incessant,끊임없이 계속 이어지는
aridness,건조함
ripen,"익다, 숙성하다, 익히다, 숙성시키다"
flaccid,축늘어진; 무기력한
bilious,"극도로 불쾌한, 성미 까다로운"
inhibit,"(행동, 진행)막다, 제한하다"
paroxysm,"갑작스런 발작,감정의 폭발"
pillory,공개적으로 웃음거리로 만들다
avid,"몹시 탐내는;열심인,열광적인,열정적인"
abnormal,비정상적인
fissure,"(땅, 바위) 균열; 불화"
irreverent,"불손한, 불경스런"
rejoinder,"답변, 응답; (피고측) 답변"
vice,"악, 사악함"
realistic,현실적인
gritty,"의지가 굳은, 대담한;모래먼지 투성이의"
platitude,"진부한 말, 진부함"
pedestrian,"평범한,진부한"
blustering,호통치는
ransack,"철저히 수색하다, 조사하다"
svelte,"날씬한, 세련된"
furtive,은밀한
unfortunate,운이 없는; 재난이나 불행을 초래하는
hygiene,위생
revisionist,수정주의자
perturb,"마음을 불안하고 초조하게 만들다,동요시키다"
despise,경멸하다
vim,"정력, 활기, 열정"
arrest,진행을 막다;눈길을 끌다
earthly,"세속적인, 지상의"
facilitate,용이하게 하다
affable,"사귀기 쉬운,붙임성 있는,상냥한"
apropos,"적절한,알맞은,시기 적절한"
unaffected,"꾸임 없는, 가장 없는, 허세부리지 않는"
skeptic,"의심하는 사람, 회의주의자"
peroration,"끝맺는 말,(연설) 결어"
insalubrious,몸에 해로운
nuisance,"귀찮은 것,성가신 것,폐"
queasy,멀미하는; 멀미 나게 하는
minatory,위협하는
cheeky,"(사람, 언행) 건방진, 뻔뻔한"
semantics,의미론
harangue,"장광설;비난,질책;장광설을 늘어놓다;비난하다,질책하다"
seamy,"도덕적으로 낮은, 천한"
craving,"갈망, 열망"
incredulous,잘 안 믿는
impetuous,"충동적인, 성급한"
deliberation,"심사숙고, 합의, 토의"
temperance,"자제, 절제"
unremunerative,보수나 이익이 없는(적은)
occult,"숨겨진,눈에 보이지 않는,난해한"
glimmer,희미하게 빛나다
restive,"안절부절 못하는; 고집부리는, 다루기 힘든"
mottle,"점,얼룩을 묻히다"
clinch,"(못, 나사)고정시키다, 결말을 내다, 성사시키다"
befriend,친구가 되다
virtuoso,"명인, 대가"
subside,"내려앉다, 가라앉다"
palliate,(증상)완화시키다
benignant,"친절한, 다정한, 유익한"
sage,"현인, 현자"
cabal,"정치적 음모단, 비밀결사, 파벌"
hackneyed,진부한
clause,문장의 절
pugnacious,호전적인
distill,증류하다
alacrity,"민첩함,민활함;선뜻 ~함"
tawdry,장식만 번지르르하고 싸구려의
veneer,"합판, 화장판"
insinuate,넌지시 말하다
sanctuary,지성소;피난처
votary,"열렬한 추종자,신봉자"
frantic,"광란의, 정신 없는, 미쳐 날뛰는"
haunt,자주 가는 장소
tacky,"촌스런, 패션감각이 떨어지는; 끈끈한"
serial,"연속극, (잡지)연재물"
providential,"시기 적절한, 운이 좋은;섭리의, 신의 뜻에 의한"
disparage,"깎아내리다, 깔보다, 비난하다"
cameo,(유명배우)우정출연; (보석) 카메오조각(양각)
utter,"완전한, 절대적인; 말하다"
contort,"(몸이)휘다, 비틀어지다"
ambivalent,상반된 마음이나 생각을 동시에 가진;마음이 오락가락하는
corpulent,"살찐, 뚱뚱한"
acoustic,"음향의,소리의,청각의"
hillock,작은 언덕
stature,"키, 신장; 지위"
flicker,깜빡 거리다
benumbed,무감해진
fecund,"비옥한, 생산력이 있는, 풍성한"
define,"분명하게 묘사하다, 정의를 내리다"
jaunty,"경쾌한, 활발한"
pinnacle,"절정,전성기,정상"
impeachable,"탄핵을 받을 만한, 비난 받을 만한"
nonplus,"혼란스럽게 하다,놀라게 하다"
candid,솔직한
disarm,적개심을 제거하다; 무장해제시키다
meticulous,"지나치게 꼼꼼한, 주의 깊은, 정확한"
acquiesce,묵묵히 받아들이다
calumny,"중상, 비방"
guile,"속임수, 꾀,술책"
testimonial,추천서; 감사장
haphazard,체계적이지 않은
impracticable,실행 불가능한
imperishable,"영원한, 사라지지 않는"
odium,"증오,미움;비난,악평"
rue,"뉘우치다,후회하다, 유감으로 여기다"
terminology,특정분야의 기술적 용어들; 전문용어
instable,불안정한
legible,읽을 수/이해할 수 있는
scan,시의 운율을 살피다
flabby,"살이 축 늘어진, 허약한"
discreet,"신중한, 조심스러운"
filibuster,의사진행방해 (긴 연설 등)
endeavor,노력
nettle,"화나게 하다,안절부절못하게 하다;쐐기풀"
excruciate,"심한 고통을 주다, 괴롭히다"
disconcerted,마음이 혼란스런
gouge,(지나친 가격으로)금전을 갈취하다
regularity,"정상성, 항상성"
unsalvageable,구해낼 수 없는
relinquish,"포기하다, 양보하다, 양도하다"
concord,"일치, 조화, 화합"
rebuke,심하게 꾸짖다
defeasible,"무효화할 수 있는, 파기할 수 있는"
forte,(칼날 중간과 칼자루 사이) 강한부분
choleric,"담즙질의, 화를 잘 내는"
insouciant,"태평한, 근심이 없는"
reconstitute,물을 부어 원래의 상태로 회복시키다
heated,"화난, 격렬한; 열렬한"
momentum,운동량
infinitesimal,"극소의 , 매우 작은"
precipitous,"벼랑 같은, 급경사의, 황급한, 허둥대는"
percipient,"지각하는,감지하는,통찰력 있는"
repose,휴식
versed,"경험이 있는, 잘 알고 있는"
arboretum,수목원
integral,"불가결한, 필수의"
abstruse,"난해한,심오한"
didactic,"가르치기 위한, 교훈적인, 설교적인"
tentative,임시적인
salient,"돌출한, 눈에 띄는, 유명한"
husky,(소리가)거친; 건장한
rite,"의식,절차"
discomfit,당황하게 하다
elated,"아주 즐거워하는, 기뻐하는"
replete,"충분한, 가득한"
frugal,"검소한, 절약하는"
atrophy,"신체 구성조직의 퇴화;약화,감소"
emaciated,"쇠약해진, 수척한"
well-developed,충분히 성숙한/발달한
compliant,순응하는
panache,"당당한 태도,품격,기백,과시"
stamina,"지구력, 체력"
skew,"비스듬한, 경사진, 비뚤어진"
amenity,"편의시설,쾌적함,예의"
inevitable,"피할 수 없는, 불가피한"
banal,진부한
immutable,불변의
gaunt,"수척해진, 쇠약해진"
meek,"온순한, 유순한"
odious,"몹시 불쾌한,혐오스런"
malodorous,악취가 나는
varnish,"바니시를 발라서 광택을 내다; 니스, 바니시"
ethereal,"천상의, 영적인; 가볍고 섬세한"
seraphic,"천사의, 천사 같은"
effervescence,"쾌활함, 활기, 기운이 넘침"
divulge,"누설하다, 폭로하다"
insight,직관력
unfathomable,이해하기 힘든; 측정하기 힘든
palpable,"촉각으로 느낄 수 있는;명백한,뚜렷한"
hard-boiled,"현실적인, 실제적인, 무정한, 감상적이지 않은, 비정한"
encompass,"둘러싸다, 포위하다, 포함하다"
redolent,향기로운
unanimous,만장일치의
dauntless,겁 없는
cessation,"끝, 중지"
high-strung,"신경이 날카로운, 화 잘 내는"
sluice,물을 흘려 씻다; 수문
tenacity,"고집, 인내, 끈기"
acclaim,칭송하다; 환호를 보내다
agreeable,"상쾌한,기분을 좋게 해주는;동의하는"
captor,"포획자, 획득자"
prescribe,"규정, 명령, 처방하다"
range,산맥
debris,"파편, 잔해, 부스러기"
precarious,"위태로운, 불확실한"
lurid,"무시무시한;(색깔)매우 밝은, 선정적인"
pontificate,오만하고 독단적으로 말하다
spleen,"울화, 악의"
befuddle,혼란스럽게 하다
serried,"(사람, 물건) 꽉 찬, 빽빽한"
blatant,"뻔한, 몹시떠들석한; 야단법석의"
collapse,"붕괴하다, 붕괴시키다"
secretive,"비밀의, 숨기려 하는"
apoplectic,"성난,화난,뇌졸중에 걸린"
rostrum,"연단, 강단, 설교단"
preponderant,"우세한, 압도적인, 능가하는"
requisite,(어떤 목적이나 상황에)필요한
trivial,사소한
disingenuous,"솔직하지 않은, 부정직한"
monopolize,독점하다
nibble,"조금씩 물어뜯다,잠식하다"
champion,"옹호하다, 지지하다"
redundant,"잉여의, 불필요한, (말)장황한"
garner,"(정보,승인) 득하다, 수집하다"
peregrination,방랑
growl,으르렁거리다
bellwether,"지도자, 선도자"
immortalize,"불멸로 만들다, 불후의 명성을 주다"
mollify,달래다
trademark,등록상표(상품제조사의 상징)
learned,유식한
gully,"(작은)계곡,협곡"
deferential,공손한
grumble,투덜거리다
dispirit,"(열정, 사기, 희망 등을)잃게 하다"
topple,"앞으로 꼬꾸라지다, 비틀거리다, 몰락시키다"
fail-safe,(고장에 대비하여) 안전장치를 갖춘
jocose,"익살맞은, 웃기는"
untold,"셀 수 없을 만큼 많은, 무수한"
acrid,"(냄새와 맛)매운,신;(말,어조) 신랄한"
desist,멈추다; 삼가다
drudgery,허드렛일
emollient,"피부연화제, 완화제"
pusillanimous,"소심한, 심약한"
disinclined,"하기 싫은, 내키지 않는"
vial,"(유리로 된) 작은 병, 약병"
legerdemain,"요술, 마술; 날랜 손재주; 속임수"
wanting,부족한
coruscate,"반짝반짝 빛나다, 번득이다"
strut,거만하게 걷다; 버팀목
flawed,결점이 있는
grim,"엄격한,단호한,잔인한,무서운,섬뜩한,무시무시한"
vain,헛된; 허영심 강한
substantial,"상당히 크고 중요한; 튼튼한; 실제적인, 현실적인"
reactionary,"개혁에 반대하는, 보수적인"
legend,"(지도, 도표 등의) 범례, 기호의 설명 표"
era,"시대, (특정적인)시기, 연대"
celebrity,"유명세, 유명인"
quench,"불을 끄다; 억제하다; 갈증을 해소하다, 만족시키다"
lackluster,빛(광택)이 없는; 활기없는
nimble,"민첩한,영리한"
zealotry,"광신,지나친 열정"
luxuriant,"무성한, 비옥한,  풍성한"
insalvageable,구해낼 수 없는
panegyric,"칭송,찬양"
eschew,피하다
creek,"시내, 지류"
antipathy,"반감,혐오"
despicable,"경멸스러운, 비열한, 야비한"
mend,"고치다, 수선하다"
trace,소량
precipice,"절벽, 벼랑"
extrinsic,"비본질적인, 외래의, 외부의"
pervasive,널리 퍼져있는
fussy,지나치게 꼼꼼한
hapless,운 없는
interim,"중간의, 임시의"
douse,(물)끼얹다/불을 끄다
delude,속이다
eclipse,"일식;명예, 권위 등을 실추시키다;명성의 상실, 권위의 추락"
stickler,끝까지 주장하는 사람; 당황스럽고 어려운 것
debauchery,"방탕, 환락생활"
insolent,"무례한, 불손한, 건방진"
inauspicious,"불길한, 불리한, 불행한"
unseat,"(말, 오토바이에서) 떨어지게 하다; (직위, 권좌에서) 물러나게 하다"
infraction,"(법률, 약속) 위반"
grueling,몹시 힘든
ravage,"휩쓸어 파괴하다; 파괴행위, 파괴적 영향"
obtuse,"둔한,이해가 매우 느린;뭉텅한,둔한"
fragile,"약한, 부서지기 쉬운"
prevaricate,"얼버무리다, 둘러대다, 속이다"
smolder,연기만 내면서 서서히 타다; (감정) 속에 맺히다; (눈 등이) (감정을) 나타내다
ladle,국자
heavy-handed,"서투른,솜씨없는; 고압적인,포악한"
chary,조심하는; (금전관련) 신중한
defray,(비용 등을) 부담하다
fling,"거칠게 내던지다; 버리다, 폐기하다"
specious,"허울좋은, 겉만 번드르르한, 실제로는 잘못된"
adept,솜씨 좋은
spectrum,빛의 분산; 스펙트럼
